stratum,country,seasonality,cropland,human_settlemt,HDI_mean,slope,soil,human_desnity,percent_perm_water,percent_seasonal_water,ROL,BDH,prop_in_PA,RoadArea,rainfall,livestock_biomass,TreeCover
Mountain Zebra National Park,South Africa,0.10077301,0.007,0.014,0.580273747,4.559731882,19.54679262,13.44279326,0.008340524,0.047710636,0.13887075,63.2,0.009038812,1.267882768,465.8796821,0,33.3678344
Mavinga,Angola,0.059167051,0.081,0,0.365453184,0.426310247,8.066980815,1.356064565,0.001352441,1.876251256,-1.211364667,39.3,0.527297836,0.448088138,848.9454044,0.442480698,54.10721957
Stefans Game Reserve,Angola,0.057481515,0,0,0.365453184,0.370849413,5.099017872,2.733806532,0.001159915,0.089674094,-1.211364667,39.3,1.33E-15,0,706.8402938,0.616916003,53.85491351
Cuito-Okavango,Angola,0.087177788,1.263,0.01,0.416642457,0.266875055,7.027877732,5.386075226,0.351756381,1.486601533,-1.211364667,39.3,0.432233852,0.680914907,587.1373793,0.315677835,46.70075315
Likuwa Core,Angola,0.077215185,0.019,0,0.365453184,0.178726443,6.738786365,0.911328153,9.26E-05,0.027276857,-1.211364667,39.3,1,1.385433356,660.9872374,0.644669263,52.87285946
Likuwa10km,Angola,0.065088103,0.021,0,0.365989197,0.191173177,4.972266024,0.88732243,0,0.028799853,-1.211364667,39.3,0.601824281,0.523111287,660.9015495,0.258372421,53.32399892
Western Luiana,Angola,0.062879024,0,0.001,0.378672392,0.057878018,5.378689644,1.136123725,0,0.001022167,-1.211364667,39.3,0.924532088,0.083147212,616.5296529,0.691385592,55.08506316
MucussoLuianaNamBorder,Angola,0.072975909,0.001,0,0.428409536,0.075675211,6.41817209,1.778526901,0,3.49E-05,-1.211364667,39.3,0.994217637,0.289547016,595.2925592,0.219739579,52.10157184
Likuwa,Angola,0.050533015,0.004,0,0.365453184,0.112685135,6.766366897,1.210377681,0.000654398,0.507441922,-1.211364667,39.3,0.835198833,0.702221502,656.9586324,0.441521192,58.66689144
Kwando_angola,Angola,0.068387102,0.041,0.002,0.403092621,0.107678585,8.664944014,2.986372663,0.007393377,0.474823627,-1.211364667,39.3,0.97043295,0.506884849,637.9625987,0.316363271,52.18979376
Kwando5km,Angola,0.047281396,0.051,0.001,0.381090902,0.072629427,7.316836836,2.798982504,0.000282495,0.314993423,-1.211364667,39.3,0.574992287,0.643367341,693.7874123,0.456613298,53.39097246
Virunga NP,DRC,0.049650431,9.71,0.445,0.346358985,3.156273504,30.02295312,281.3304721,2.414359327,0.203921757,-1.582152833,73.3,0.426023809,0.651726604,1158.053113,0.192857616,61.8204956
Liwonde NP,Malawi,0.077424746,4.671,0.032,0.324999988,0.5514915,15.70650512,222.9135269,6.339855059,1.089232425,-0.209145217,84.2,0.10457968,0.576842573,963.1742351,3.283317622,55.52492112
Mana II,Zimbabwe,0.076206229,2.82,0.001,0.476106673,0.511748411,11.37410948,22.17718825,0.148004922,0.042276763,-1.593466333,87,1,0.644146634,697.4281421,0.424261916,56.94412294
Chisunga,Zimbabwe,0.071337121,9.999,0.006,0.454384625,0.791194857,11.10014023,22.27655411,0.000932491,0.291374038,-1.593466333,87,0.773040612,0.579769821,670.4342588,8.443094463,49.47413184
Kadze East,Zimbabwe,0.070641846,26.152,0.003,0.413978233,0.339955392,13.4259482,24.89295599,0,0.208018294,-1.593466333,87,0.447735654,0.655473126,740.4652112,14.09432005,41.41086197
Hurungwe I,Zimbabwe,0.061632275,2.18,0,0.479088583,4.151671806,11.26521133,27.96233015,0.35048767,0.235296804,-1.593466333,87,0.833736597,0.507864802,731.1101274,3.420212917,53.69564653
Marongora (Hurungwe II),Zimbabwe,0.058830365,7.205,0,0.479834682,3.990819175,10.11322107,21.01098784,0.007414324,0.018013815,-1.593466333,87,0.95996017,0.9021748,743.5997107,8.383703457,49.36259151
Mana Escarpment,Zimbabwe,0.080310446,4.213,0,0.482252925,3.557697367,10.3296748,21.56733985,0,0.004845914,-1.593466333,87,0.970400384,0.744715231,754.8968122,0.84547708,50.64210433
Chewore IV Escarpment,Zimbabwe,0.062347835,1.308,0,0.485594317,4.054234564,10.01564987,21.8081231,0,0.028864001,-1.593466333,87,1,0,737.521933,6.950768345,56.18281285
Chewore II Hills,Zimbabwe,0.067059758,1.692,0,0.442346832,5.347941027,11.22346534,18.57366776,0.533732296,0.147491164,-1.593466333,87,0.998675811,0,713.1913774,2.162612864,57.57110439
Mukwiche,Zimbabwe,0.068165831,0.55,0,0.490446068,3.411117767,10.48717949,21.93766701,0.000943173,0.057321569,-1.593466333,87,0.732900515,0,784.4997107,6.17869997,61.34920992
Kanyurira Highlands,Zimbabwe,0.067095518,10.668,0,0.476692319,3.230629146,11.04782237,22.2375816,0,0.154297973,-1.593466333,87,1,0,766.6723541,27.53051214,45.37245019
Doma,Zimbabwe,0.064176727,0.713,0,0.484547141,3.867939906,9.96645768,26.0152392,0.015215152,0.041299779,-1.593466333,87,0.500398795,0.807548569,794.0855263,4.771182071,62.0271344
MWA high density,Zimbabwe,0.054198805,1.03,0,0.48011629,5.2413199,10.06688044,41.00800817,0.024407307,0.049779444,-1.593466333,87,0.658592725,0.389353616,852.8818779,16.75284328,73.49872346
MWA low density,Zimbabwe,0.060108007,4.827,0,0.473579617,7.034376901,12.34081532,39.08447819,0.009820127,0.012327107,-1.593466333,87,0.55615578,0.280921618,854.344623,21.5236262,60.94053581
Sapi North,Zimbabwe,0.06279488,1.301,0,0.439991087,0.835359064,9.652583142,16.05276343,5.673910903,1.285587533,-1.593466333,87,0.999715894,1.191271284,696.1916454,10.70700794,54.15973172
Sapi South,Zimbabwe,0.063041639,0.327,0,0.461708399,0.798670128,10.56336478,19.88444308,0,0.001155319,-1.593466333,87,1,1.139301304,707.7934044,3.073908782,58.81208566
North Charara,Zimbabwe,0.063541704,4.668,0.1,0.483509575,2.248420616,11.51647693,25.60471483,5.759999006,1.345574166,-1.593466333,87,0.981979045,0.922832827,753.137806,3.700415551,52.31874742
South Charara,Zimbabwe,0.056947444,1.28,0.001,0.490507685,3.200403198,11.33708092,22.87084322,5.553669541,1.61321453,-1.593466333,87,0.873162557,0.451666798,770.9756797,1.954278545,57.1103605
Rifa,Zimbabwe,0.062749672,1.632,0.042,0.46065325,0.877503995,11.37049725,35.30966309,2.266548913,0.496131344,-1.593466333,87,0.653530388,1.059863615,687.6413774,4.714031702,60.9718111
Hurungwe,Zimbabwe,0.085481387,2.195,0.003,0.462832643,0.503421684,11.00621637,26.39895143,1.724064945,0.464646747,-1.593466333,87,0.910876985,0.46540867,681.3008602,2.781475099,56.85898921
Mana I,Zimbabwe,0.093215623,4.219,0,0.459566093,0.339632175,12.59901203,21.14473869,8.055483435,1.796030817,-1.593466333,87,0.983153667,0.722289385,683.0583121,0,52.09901932
Chewore I,Zimbabwe,0.057778193,0.569,0,0.442889528,1.738938197,10.29827328,18.92457166,0.561775139,0.140679156,-1.593466333,87,1,0.193656774,734.3646184,4.55106379,53.69458508
Kanyurira,Zimbabwe,0.071901999,7.665,0,0.463560146,1.023203799,10.26937046,22.03028478,0,0.486664242,-1.593466333,87,1,0,748.8152112,27.96373639,48.57512983
Chewore III,Zimbabwe,0.060967289,1.103,0.001,0.470188981,0.91399854,10.82797283,21.75437213,0,0.102676831,-1.593466333,87,1,0.66105699,759.4918676,4.165035623,52.86579076
Chapoto,Zimbabwe,0.046919968,5.122,0,0.397768052,1.701877399,9.423171003,16.01519434,1.231437771,0.588144677,-1.593466333,87,0.905569826,0.35206211,485.7905027,14.27880703,49.37229186
Kadze West,Zimbabwe,0.073427064,8.662,0.002,0.433081383,0.414757125,12.77077847,21.24946818,0.001104298,0.127867558,-1.593466333,87,0.897204185,1.044265642,730.9633593,16.59553047,45.73401189
Dande,Zimbabwe,0.060993423,0.818,0,0.441974786,1.373228429,10.21832986,20.81921772,0,0.193927023,-1.593466333,87,0.971577627,0.543241008,732.4193779,7.006170765,54.21975647
Matusadona East,Zimbabwe,0.042934679,2.082,0,0.47679434,0.713938239,10.22634172,4.914901913,26.07969122,6.679629989,-1.593466333,87,1,0.946809643,716.7663774,0,47.89118092
Gatche Gatche,Zimbabwe,0.049751554,6.655,0,0.48852195,1.143193728,12.11555169,7.048639873,18.70266459,8.951136596,-1.593466333,87,0.940100801,2.737076222,742.5663774,39.8132065,54.47606128
Chireya North,Zimbabwe,0.039738782,37.048,0,0.498407638,1.042095854,7.584012813,29.40296083,0,0.002708589,-1.593466333,87,0.930770864,1.276560883,556.212806,19.41064394,49.87527975
Nenyunga,Zimbabwe,0.044744872,6.899,0,0.499000013,2.072455877,9.091702504,27.27755737,9.40E-05,0.027979624,-1.593466333,87,1,0.883727657,711.4863774,19.72189533,57.41695324
Matusadona West,Zimbabwe,0.056613809,1.717,0,0.478148401,0.985827492,9.736694678,6.626013463,13.25181208,4.615351928,-1.593466333,87,0.999946484,2.838305141,715.9663774,0,48.80534199
Mwenda,Zimbabwe,0.053409614,9.254,0.003,0.48293182,1.818985908,10.56594866,9.114195064,10.56938513,4.465118805,-1.593466333,87,0.923921494,0.511075825,727.7071146,7.079364304,53.5912837
Sibilobilo,Zimbabwe,0.066967613,5.898,0.035,0.470991694,1.08628994,12.65405789,8.09595159,20.56998265,4.714445748,-1.593466333,87,0.902272093,0.249088254,717.8716406,2.571645339,46.99462247
Sampakaruma,Zimbabwe,0.043536243,10.671,0.001,0.493299531,1.494449937,8.099835921,18.85589726,0.003278205,0.047573989,-1.593466333,87,0.999406079,0.668966325,733.7271617,2.086127454,53.80396089
Kanyati Highlands,Zimbabwe,0.045838996,1.819,0,0.490919945,3.524958069,10.56147125,10.82914801,3.516764405,1.075800391,-1.593466333,87,0.967312727,0.158829761,759.837806,1.719511774,56.90278564
Sijarira FA,Zimbabwe,0.059649108,1.213,0,0.477736861,1.283941801,7.005826657,14.33575497,16.03389378,1.538466639,-1.593466333,87,0.936163213,0.664439211,731.3828722,16.23672578,54.97758354
Matusadona Highlands,Zimbabwe,0.045705248,0.556,0,0.487364591,3.935276647,9.825125753,9.588576133,1.730611125,0.368873227,-1.593466333,87,0.981526298,0.097417652,751.9538774,0.098762202,59.78529754
Siabuwa West,Zimbabwe,0.054357785,27.669,0,0.487943174,1.780424249,7.636930269,13.60880847,0,0.010966498,-1.593466333,87,1,0.782431296,707.1162055,15.03497966,48.76292917
Chizarira West,Zimbabwe,0.056676778,1.175,0,0.492866411,2.142583217,8.936322049,14.17984709,0,0.000887259,-1.593466333,87,0.995002447,0.624608716,712.3553359,1.079657497,59.43987021
Siabuwa East,Zimbabwe,0.048097302,18.166,0.002,0.489974724,1.954130837,8.646354996,16.31509125,0.010324149,0.049210202,-1.593466333,87,1,0.589420869,708.2431896,4.684388368,51.60049484
Chizarira East,Zimbabwe,0.055428229,0.301,0,0.49675135,2.434902081,9.928083075,20.92385065,9.41E-05,0.017713594,-1.593466333,87,1,0.046153161,565.6162055,0.652049282,66.74516861
Chete East,Zimbabwe,0.058668804,0.178,0,0.476579558,1.999673086,11.249001,12.27877984,9.522867353,0.940435847,-1.593466333,87,1,0,581.002998,7.829728174,59.79934127
Chete West,Zimbabwe,0.051594791,1.352,0,0.478521918,1.731025757,7.692080378,12.96863766,8.213088934,0.855185756,-1.593466333,87,0.981305837,0.733296492,747.2828722,8.360474557,55.15703712
Mapongolas,Zimbabwe,0.048225449,2.907,0,0.48203534,3.422637629,12.7694859,9.078403975,0.166953576,0.491923374,-1.593466333,87,0.999153065,0.58425011,723.5441552,4.458110378,54.46224964
Chireya South,Zimbabwe,0.057185771,45.672,0,0.499000013,0.953701868,11.19248508,38.33404945,0.001306854,0.012497106,-1.593466333,87,0.556371978,0.476086542,740.9568536,10.73866973,44.34138796
Negande,Zimbabwe,0.04435399,1.737,0.008,0.490212285,1.954820765,8.402696314,15.81334718,0.008835983,0.010563713,-1.593466333,87,1,0.86085804,715.2369656,3.024703944,53.61412752
Chirisa Gadzi,Zimbabwe,0.060031418,5.501,0,0.499000013,1.07293151,7.850176857,35.6911769,0.00282036,0.014319099,-1.593466333,87,0.731445502,0.909388327,727.2308224,12.62518957,52.99263678
SWRA,Zimbabwe,0.060842928,5.33,0,0.499000013,1.336540332,9.681742044,30.14660045,0,0.001912183,-1.593466333,87,0.55147295,0.519217729,655.4183224,15.0674099,50.05020998
Busi,Zimbabwe,0.058737403,2.08,0,0.499000013,0.89276223,10.69630566,23.54626227,0,0.000303604,-1.593466333,87,0.994753222,0.975371736,861.3359318,4.931347045,58.15923988
Chirisa Sengwa,Zimbabwe,0.056643677,4.018,0,0.499000013,1.351271145,8.662441527,30.68279066,0,0.004642527,-1.593466333,87,0.95687818,0.574127279,692.7030446,18.6725446,53.588747
Simchembo,Zimbabwe,0.054522936,56.328,0.012,0.499000013,0.991830112,13.3151054,30.73029809,9.40E-05,0.020808349,-1.593466333,87,1,0.916823741,691.6042152,22.6449043,40.95250282
Lusulu,Zimbabwe,0.058678465,29.467,0.004,0.496498466,1.20651381,9.446486738,17.32176,0.002166237,0.006101499,-1.593466333,87,0.998927969,1.362247501,661.6799996,13.03480023,49.08725351
Kasungu NP,Malawi,0.054570239,0.835,0.017,0.350269228,0.732872285,6.913825517,71.32778366,0.005205614,0.001284649,-0.209145217,84.2,0.151679664,0.182805091,843.9176861,0.277939108,72.3165343
Makgadikgadi NP West,Botswana,0.098927069,0.056,0.069,0.584999979,0.082638555,7.486184849,3.315984317,0,0,0.638451633,91.6,0.555690714,0.325976551,373.1004226,0.481470282,36.79914144
Makgadikgadi East,Botswana,0.092863702,0.01,0,0.584999979,0.080611275,9.810550488,3.831346007,0,0,0.638451633,91.6,0.69884511,0.233458845,370.9530341,0.061015261,33.85729767
East Gweta total count,Botswana,0.062817894,2.144,0.01,0.584999979,0.050416976,7.169774011,4.227520238,0,0,0.638451633,91.6,0.335652462,1.565916649,388.8899464,10.72549328,35.468234
NG37 Ngami,Botswana,0.116701708,0.003,0.052,0.584999979,0.178842164,9.242441917,2.245571053,0,0,0.638451633,91.6,0.941835416,0.315620242,422.363405,1.34934346,44.26279092
NG35 South,Botswana,0.085143544,0.007,0.149,0.584999979,0.061964733,6.839757893,2.279870149,0,1.070106562,0.638451633,91.6,1,0.764413075,435.8600362,1.489792791,42.56049537
"NG27a, 27b and 30",Botswana,0.065867691,0,0.005,0.584999979,0.061368405,12.20019254,2.372786928,0.00913804,13.35552882,0.638451633,91.6,1,0.097613594,449.427076,2.07837704,38.77363664
CT4 and 7,Botswana,0.057702627,0.464,0.012,0.584999979,0.088651266,7.225614159,4.743375453,0,0.033114542,0.638451633,91.6,0.505462742,0.265871717,408.5644652,1.177513713,44.79094272
NG35 North,Botswana,0.075199592,0.006,0.148,0.584999979,0.068839737,9.529956619,2.375709708,0.28651916,7.304790084,0.638451633,91.6,1,0.602895797,451.2259494,5.914540329,44.79074748
NG29,Botswana,0.061476899,0.078,0,0.584999979,0.053170719,8.425473798,2.172829912,9.42E-05,7.893844171,0.638451633,91.6,1,0.064702281,439.1468642,1.780216511,40.64259334
NG41 Mababe North,Botswana,0.080805579,0.108,0.017,0.584999979,0.110462659,7.450480591,2.247933348,0.005909623,0.04330358,0.638451633,91.6,0.999904952,0.863361453,460.2803261,1.971847564,43.33769512
NG12,Botswana,0.054272062,0.061,0.027,0.584999979,0.051068661,9.325061078,1.359161884,0.014570109,4.603634028,0.638451633,91.6,1,0.455783126,476.070431,0.88901433,40.9940647
Rakops,Botswana,0.099187556,0.466,1.194,0.584999979,0.054360686,10.12686739,3.230857707,0,0,0.638451633,91.6,0.11121926,0.512395882,339.1174596,10.33386257,37.29333944
Nxai Pan NP,Botswana,0.069646487,0.011,0.004,0.584999979,0.071509588,7.145179792,2.987768734,0,0,0.638451633,91.6,0.887003039,0.323810656,408.3844226,0.046080748,43.10366192
NG47 and 49 Nxai,Botswana,0.077486561,0.033,0.019,0.584999979,0.074325079,7.038758476,2.446873017,0,0.00020705,0.638451633,91.6,0.826930547,0.406039191,412.4329406,1.042598414,46.24269627
NG32,Botswana,0.06849248,0.001,0.011,0.584999979,0.054874342,12.83378873,2.375747088,0.181531434,11.54230474,0.638451633,91.6,1,0,454.853741,2.318183692,38.79519253
Ngwasha and Sepako,Botswana,0.061277629,0.095,0.029,0.564267826,0.153006197,6.81868414,4.926971074,0,0.015163831,0.638451633,91.6,0.463623835,0.415866338,426.1530976,1.380846317,41.35969514
NG31 and 17 Chitabe,Botswana,0.056753546,0.004,0,0.584999979,0.06558284,11.89348848,2.3745477,0.100546302,2.175125969,0.638451633,91.6,1,0,458.1325428,11.2427262,40.91288313
NG26,Botswana,0.060469432,0.015,0,0.584999979,0.05542338,12.4141897,1.852620912,0.001036273,12.75291247,0.638451633,91.6,1,0,439.1194065,1.539645831,38.05438929
NG34,Botswana,0.070871164,0,0.046,0.584999979,0.073116144,5.807891156,2.378733647,0.002452077,0.594647898,0.638451633,91.6,0.999874152,0.35061881,453.3484897,3.406857053,45.2687113
NG 43 Mababe South,Botswana,0.100911771,0,0,0.584999979,0.064720566,4.709996163,2.37771093,0,0.000182487,0.638451633,91.6,1,0.494055333,448.9738127,3.563081523,39.97561362
NG25,Botswana,0.062452221,0.002,0,0.584999979,0.050611972,18.56816998,1.719796764,0.010810001,15.70736277,0.638451633,91.6,1,0,444.297045,2.590376708,34.10512068
CT1 and CT2,Botswana,0.069272506,0.014,0,0.582606317,0.120395636,5.357272003,4.31635419,0,0.000111951,0.638451633,91.6,0.999991666,0.114268809,440.6676405,0.47525345,49.25392701
"NG41, 42, 43",Botswana,0.073213774,0.003,0,0.584999979,0.047809731,5.262387768,2.535977078,0,0.000138713,0.638451633,91.6,0.914958522,0.212576877,443.36964,0.405858384,47.34050657
Moremi,Botswana,0.058286648,0.012,0,0.584999979,0.060347679,11.67791298,2.17384441,0.145659048,4.317993283,0.638451633,91.6,1,0.12257084,460.1199378,0.514267249,41.13326657
NG23Duba,Botswana,0.052604367,0.005,0,0.584999979,0.054967593,14.37076856,1.592028167,0.114077039,3.998341215,0.638451633,91.6,1,0,458.2878223,2.8064238,38.09223405
NG24,Botswana,0.061232478,0.004,0.021,0.584999979,0.046510504,18.97854478,1.484793636,0.288580019,9.60863149,0.638451633,91.6,1,0,448.2515904,2.341204056,33.13242444
NG22Vumbra,Botswana,0.046671775,0,0.008,0.584999979,0.04953166,8.489022392,1.595322687,0.114456663,3.17724576,0.638451633,91.6,1,0,470.2113605,1.612419895,40.6394827
Sibuyu and South Pandamatenga,Botswana,0.075481355,0.057,0.001,0.556212767,0.142434784,7.612147878,3.383598334,0,0.010758572,0.638451633,91.6,0.878927935,0.839146446,486.6487853,0.773867311,51.18501448
Chobe Mababe,Botswana,0.077526751,0.005,0,0.584999979,0.074929256,12.70540576,1.936503336,0,0,0.638451633,91.6,0.999913238,0.214356755,706.4182571,0.090646096,45.0626037
"NG20, 21 Splash",Botswana,0.058144596,0,0.002,0.584999979,0.046670345,7.341827448,2.123914092,0.09486726,1.510966301,0.638451633,91.6,1,0,479.0741711,0.431703493,39.85526188
"NG18, 19 Khwai",Botswana,0.064766954,0,0.009,0.584999979,0.045307007,5.376148289,2.252122341,0.003848776,0.11728528,0.638451633,91.6,1,0.124703241,481.3856484,0.567424418,43.45632986
NG16,Botswana,0.055038819,0,0,0.584636344,0.047897481,5.24079268,1.824585475,0.298558395,1.572897945,0.638451633,91.6,1,0,496.5824362,0.46125083,40.42653874
"CH7, 8, 11 and 12",Botswana,0.076141638,0.496,0.003,0.576592427,0.110964511,6.240778915,2.089407571,0,0.000998856,0.638451633,91.6,0.900563801,0.332045262,566.6143549,0.053848522,49.8214889
Chinamba,Botswana,0.069401323,0.007,0,0.584153009,0.128560649,5.926208729,1.697445647,0,0.001855979,0.638451633,91.6,1,0,611.7234819,0.000783396,52.03921398
Kazuma Forest Reserve,Botswana,0.058984686,0.035,0.041,0.548592775,0.154768786,9.518447225,1.978062516,0,0.024279154,0.638451633,91.6,0.729718387,1.446080949,542.5171327,0,51.14974889
West Okavango,Botswana,0.069021668,1.348,0.366,0.584056658,0.077506396,8.312343418,1.500952354,0.050330016,1.201108463,0.638451633,91.6,0.955910295,0.428827203,440.673746,0.377943302,46.9951923
NG15,Botswana,0.053768802,0,0.002,0.583949984,0.051795888,5.511417673,2.703111663,0.520711177,1.322861723,0.638451633,91.6,0.919871948,0,511.1251537,0.759132224,43.58477983
Chobe Savuti,Botswana,0.068115908,0.003,0.004,0.584282755,0.124565173,6.845820936,2.184407702,0.008614117,0.046771483,0.638451633,91.6,0.944570893,0,607.8682571,0,45.57192779
NG11 and 10,Botswana,0.07998115,1.372,0.271,0.58268572,0.08194288,7.355280606,1.312908471,0.061573848,1.753056047,0.638451633,91.6,1,0.210998266,485.9958744,0.163984684,42.84159699
CH5,Botswana,0.094831262,0.063,0.006,0.560524596,0.127235603,25.85029064,1.810802236,0,0.002695019,0.638451633,91.6,0.944562485,0.548675557,554.3988531,0.234689472,41.6404903
Nogatsaa,Botswana,0.079517274,0.01,0,0.576613584,0.108494675,8.761878471,1.755357669,0,0.004121986,0.638451633,91.6,1,0.374347019,547.5443436,0,47.88981053
NG13,Botswana,0.072480204,0,0.001,0.579620294,0.105553833,4.906853872,1.183797636,0,0.003139274,0.638451633,91.6,1,0,528.3150825,0.223296964,43.69109119
CH1,Botswana,0.072289075,0,0.004,0.582503223,0.077033949,7.733217693,3.289466653,0.067192398,0.540277381,0.638451633,91.6,0.418508509,0,585.2694968,0.109830718,43.07408789
CH2 Chobe FR,Botswana,0.076723693,0.005,0.155,0.583257157,0.202531577,6.2794543,2.486995452,0.001938242,3.476181133,0.638451633,91.6,0.740452997,0.178770399,557.2927737,0.062385219,56.11676444
Kasane FR,Botswana,0.053942984,0.157,0.822,0.523780172,0.243043208,6.221262458,3.765684112,0.86054305,0.687837265,0.638451633,91.6,0.957116642,1.360129088,622.3287269,0.495805775,49.81779234
Chobe River,Botswana,0.078131921,0.086,0.001,0.554376572,0.310968407,5.979059228,3.90346281,0.365018771,8.644489816,0.638451633,91.6,0.638786211,0.194518674,476.1937496,0,49.46667948
SVC South West,Zimbabwe,0.134900763,44.624,0,0.499000013,0.761127819,14.57883636,32.93634059,0.015416997,0.110563147,-1.593466333,87,0.623412603,0.489807355,600.5988556,7.431931492,50.90235279
Chilojo B,Zimbabwe,0.096654496,0.081,0,0.381884634,0.935113791,12.37621812,15.87079061,0.018162615,1.080905522,-1.593466333,87,1,1.142368888,547.5009935,0,48.95708347
Chefu,Zimbabwe,0.098977554,0.002,0,0.396906341,0.470982504,11.50416641,15.85962716,0,0.001896358,-1.593466333,87,0.792224388,0.301808723,698.8352553,0.49731789,57.50500868
Mahenye,Zimbabwe,0.098720037,3.409,0,0.377664252,1.283034,17.95849915,28.21060161,0.032089754,1.155192992,-1.593466333,87,0.69175115,0.032967416,562.4756311,58.71036109,63.38789215
Chipinda Pools,Zimbabwe,0.125634698,0.625,0,0.413172809,1.161463682,18.93451307,24.19612469,0.052919945,1.457263888,-1.593466333,87,0.933592429,0,653.5659736,0,42.92288813
Mabalauta NP,Zimbabwe,0.070720493,0,0,0.437396982,0.687784616,12.09065765,18.24719694,0.013918207,0.245659102,-1.593466333,87,0.764696601,1.174241762,530.326922,0,56.09892945
Border Maunge,Zimbabwe,0.144296532,0,0,0.335808183,0.504128319,11.3319832,8.779245821,0,0.00029552,-1.593466333,87,0.682378009,0.979459829,517.0170374,1.248121688,65.484194
SVC North East,Zimbabwe,0.079660514,3.169,0,0.499000013,0.538412774,11.02396417,49.95009428,0.117360623,0.706552948,-1.593466333,87,0.518853152,0.563395419,484.8208692,10.66525743,49.4959256
Malapati,Zimbabwe,0.057559726,0.006,0,0.448588008,0.865851886,18.76576259,20.27829559,0.038365405,0.555046088,-1.593466333,87,0.79825227,1.394631263,504.001922,16.53768437,63.22511456
North Border,Zimbabwe,0.117266648,0.044,0.021,0.33236958,0.500523163,11.90437342,10.38062557,0.001129282,0.546903576,-1.593466333,87,0.540378586,0.922634572,566.2256311,0.774449825,61.82901974
Border Chefu,Zimbabwe,0.134666333,0,0.014,0.342100323,0.610544709,12.33918571,9.772032296,0,0,-1.593466333,87,0.495605798,0.261153802,610.4225102,4.615184192,63.66405377
Naivasha,Zimbabwe,0.095625477,0,0,0.397860926,0.777777007,12.01522134,15.88138702,0,0.000268857,-1.593466333,87,0.897885576,1.18500609,574.8123862,0,56.74266549
Chilojo A,Zimbabwe,0.089879454,0,0,0.419180881,1.036935327,16.78920344,20.00848445,0.065526514,0.483770614,-1.593466333,87,0.688847862,1.055647229,776.7920374,0,50.96048807
SVC North West,Zimbabwe,0.090862683,2.953,0.009,0.499000013,0.839779073,10.99068924,39.66096536,0.039544978,0.126661312,-1.593466333,87,0.643133277,1.278024073,542.8570374,18.01721591,61.73247769
SVC South East,Zimbabwe,0.129080865,14.019,0.017,0.495268395,0.45794974,15.65335413,36.20113059,0.019495242,0.636041079,-1.593466333,87,0.443930841,0.570338946,563.6619354,5.388890804,54.65982231
Chitsa S,Zimbabwe,0.162845152,32.434,0,0.438699532,0.578599855,41.81942544,25.81127775,0,0.009032231,-1.593466333,87,0.781946364,0,666.5460697,0,39.02815246
151,Kenya,0.089277066,1.704,0.029,0.47299999,0.145810005,23.44276537,30.6675752,14.5575027,3.75887032,-0.7143295,53.5,0.429800072,0.616261037,834.045505,10.37156897,44.66358604
152,Kenya,0.083554032,9.72,0.041,0.47299999,0.31681987,20.35484694,32.22059274,27.79928797,1.862069477,-0.7143295,53.5,0.566573308,0.535415256,1066.014778,9.441967959,51.62636372
153,Kenya,0.101918903,0.195,0.171,0.47299999,0.17350674,24.20548825,23.35981441,0.05506837,1.853395109,-0.7143295,53.5,0.668024476,0.880481156,717.5693145,26.47047697,45.68382193
154,Kenya,0.099411578,5.45,0.035,0.47299999,0.114581698,25.53526334,30.62500508,0.213937707,4.457456057,-0.7143295,53.5,0.999999996,0.722800085,874.269052,16.83846196,53.52391048
155,Kenya,0.082553696,10.414,0.089,0.47299999,0.155756797,23.19114983,27.69800041,0.414127564,1.084553347,-0.7143295,53.5,0.999834971,0.835762209,1016.034925,14.22660286,53.79769945
156,Kenya,0.073138555,16.221,0.21,0.47299999,0.153497074,20.26557105,31.8720722,32.93272747,2.448276002,-0.7143295,53.5,0.478512957,0.983255614,975.9634964,21.26653003,43.04567227
157,Kenya,0.105895146,1.151,0.031,0.47299999,0.114902169,24.00461632,27.05772036,0.000103903,2.033134254,-0.7143295,53.5,0.557932609,0.839296162,663.2025191,19.34283394,45.01865355
158,Kenya,0.079742277,0.298,0.004,0.47299999,0.186297848,23.72606364,19.98518803,0.000105753,1.123753768,-0.7143295,53.5,0.999999996,0.048237693,752.5111155,16.84112103,56.3209707
159,Kenya,0.06701801,0.008,0,0.47299999,0.14247284,23.57395543,13.21731504,0,0.016636222,-0.7143295,53.5,1,0.176483535,838.3036325,7.892300029,66.13157612
160,Kenya,0.07646432,4.513,0.014,0.47299999,0.135754483,21.82648026,23.38550003,9.801919029,1.31735865,-0.7143295,53.5,0.552669397,0.687703771,848.8670052,16.70918638,53.54120434
162,Kenya,0.092129585,0,0,0.47299999,0.167778355,24.6640414,27.58907225,0.000313504,0.172700453,-0.7143295,53.5,0.843664713,0.084456953,629.7507456,39.96508492,49.72838766
163,Kenya,0.080999813,0.016,0,0.47299999,0.14269956,22.58992555,14.87457163,0.000313504,0.012395525,-0.7143295,53.5,0.999999949,0.32923959,671.1780748,23.9380856,57.35520734
164,Kenya,0.076733103,0.008,0,0.47299999,0.152285793,21.49971014,6.65731903,0,0.068738945,-0.7143295,53.5,0.700429883,0.85214999,690.229317,25.6454914,67.95300256
165,Kenya,0.063703229,0.68,0,0.47299999,0.233491474,22.52635989,8.718989551,0.677914641,0.716105837,-0.7143295,53.5,0.814329461,0.435836974,685.5099293,7.074260513,75.63551829
167,Kenya,0.077320871,0.015,0.016,0.47299999,0.067171313,26.77517457,24.61223373,0.001881022,0.010088452,-0.7143295,53.5,0.707414964,0.589179678,558.6119701,39.40680217,45.91347564
168,Kenya,0.067720656,0.017,0,0.47299999,0.101747144,23.9369107,11.7206306,0,0.003612257,-0.7143295,53.5,0.935301347,0.141863007,570.931698,37.45109795,64.95738514
169,Kenya,0.056699327,0.041,0,0.47299999,0.125628663,22.78389262,5.063175484,0.000423036,0.011515798,-0.7143295,53.5,0.797253227,0,578.7850313,17.9682528,75.34957788
171,Kenya,0.059970567,0.019,0.017,0.47299999,0.165118035,20.59041084,15.56035603,0.000728999,0.011088474,-0.7143295,53.5,0.556829644,0.403816475,497.8104858,42.68660127,51.91707743
166,Kenya,0.073988434,2.758,0.008,0.463083416,0.484681549,23.51917494,8.934789096,21.75197695,1.32413859,-0.7143295,53.5,0.695085794,1.100444557,693.9158774,16.03945263,61.84167128
170,Kenya,0.061196101,0,0,0.47299999,0.075482993,28.98316252,17.86582556,0.000726591,0.014184749,-0.7143295,53.5,0.630256122,0.553658663,497.6128574,42.40996376,43.96770843
161,Kenya,0.074474849,10.832,0.142,0.471441671,0.152778276,21.49813598,23.16670383,37.42240716,3.37852998,-0.7143295,53.5,0.197551176,0,833.7801631,12.4217736,50.68149845
2a,Chad,0.052616376,8.541,0,0.319895118,0.602158553,13.23935433,85.69379566,0,0.05167523,-1.358005833,69,0.519385262,0.379559006,888.8229173,3.255525821,40.22187988
4a,Chad,0.061989361,46.803,0.01,0.329823507,0.70562615,10.1174558,86.36285885,25.20091282,3.773057551,-1.358005833,69,0.474256964,1.554610663,842.3229173,25.67338773,36.95666788
3a,Chad,0.043919764,28.698,0,0.328201871,0.485942938,10.25465602,80.13126197,0,0.025137535,-1.358005833,69,0.560226617,1.655490646,857.2691538,21.11363076,36.98855743
1a,Chad,0.058623773,9.103,0,0.3105034,0.524811177,14.16420734,78.87197979,0,0.078713662,-1.358005833,69,0.36191325,0,772.5475549,10.20029738,40.76534075
High Core,Ethiopia,0.058100506,18.494,0.013,0.268987507,3.707310048,34.99029803,139.9131107,0.00013625,0.003101958,-0.641116167,72.2,0.606026858,0.274122162,645.3536673,39.20579995,38.34876206
Low,Ethiopia,0.078051606,3.271,0,0.268987507,2.402667566,28.89025783,47.64731486,0,0.002507935,-0.641116167,72.2,1,0.320856232,541.8390266,3.592039405,37.42096844
Medium,Ethiopia,0.073480035,11.614,0.001,0.268987507,2.083120124,35.92913036,59.37042715,0,0.003376994,-0.641116167,72.2,1,0.435307061,573.9057605,2.641532198,39.31674019
Omo-Mago,Ethiopia,0.104478443,1.074,0.002,0.271619916,0.863926093,37.95815051,13.46922625,0.004290428,1.123326012,-0.641116167,72.2,0.901371445,0.398996719,636.8140029,18.44411825,48.12116121
Amboseli Medium North,Kenya,0.132843331,5.77,0.004,0.464139789,0.868024691,20.09886677,22.32247708,0,0.009358039,-0.7143295,53.5,0.260081902,0.600854379,760.4078815,9.980618879,37.14443488
Amboseli High Core,Kenya,0.121338125,12.898,0.086,0.453714261,0.926181401,26.78800605,41.86011992,0.027902515,0.526522766,-0.7143295,53.5,0.68366145,0.796888259,410.2371122,12.35276541,35.39593702
Tsavo High Core,Kenya,0.123104831,0.525,0.019,0.47299999,1.060930067,14.25208189,18.07084369,0.000207178,0.341087274,-0.7143295,53.5,0.823345029,0.619716652,738.6977416,0,38.94263388
Tsavo Medium South,Kenya,0.115299997,3.707,0.014,0.454253991,0.957002119,12.98247278,48.86588675,0.2789936,0.148521166,-0.7143295,53.5,0.49769613,0.388871859,679.7836361,1.022451834,38.08264501
Tsavo Low West,Kenya,0.115368119,25.894,0.115,0.464251017,1.672714393,26.5436417,56.17010741,0.000526613,0.13764038,-0.7143295,53.5,0.729859342,0.707417686,740.7352683,3.525150122,43.31321794
Tsavo Medium North,Kenya,0.127009128,0.339,0,0.47299999,0.777474549,13.29720975,11.99564327,0.000206176,0.196284728,-0.7143295,53.5,0.860210562,0.312617015,762.4737641,0.055524333,42.4932861
Tsavo Low East,Kenya,0.099981429,0.039,0.017,0.470077675,0.459606508,14.50665082,22.22227314,0.009599741,0.103770025,-0.7143295,53.5,0.424181469,0.307881242,691.5437628,7.739592725,40.88519912
Dandari,Zimbabwe,0.082686358,0.118,0,0.519542421,0.208905057,8.161854512,2.830007352,0,0.023039412,-1.593466333,87,0.999974102,0.818092445,553.131716,0,54.17943945
Dzivanini,Zimbabwe,0.057651946,0.033,0,0.526829238,0.144601883,7.062961973,6.421715484,0,0.006477041,-1.593466333,87,0.801515419,0.55988757,467.9319227,0.116947524,45.05847491
Main Camp,Zimbabwe,0.076135043,0.073,0.047,0.499141771,0.195816014,6.529649394,3.354432581,0,0.002744432,-1.593466333,87,0.984074295,0.815541121,603.0424996,0,61.3087931
Central B,Zimbabwe,0.070926111,0.027,0,0.504652058,0.118660353,6.142784516,3.827370729,0,0.000465746,-1.593466333,87,1,0.273776617,551.2876919,0,56.14504515
Central A,Zimbabwe,0.077744774,0.007,0,0.500142673,0.176158735,6.288672351,4.559865012,0,0.000505882,-1.593466333,87,1,1.494658852,663.1228567,0,56.18217851
Maitengwe,Zimbabwe,0.072809214,1.275,0,0.520218779,0.116185897,16.00452253,13.38696895,0.000269791,0.062791107,-1.593466333,87,0.740934951,0.545574555,481.6859463,5.011746477,47.83739807
Zambezi NP,Zimbabwe,0.063536912,0.41,0.019,0.460905663,0.94634053,10.34591989,61.06858028,1.992850482,1.292793107,-1.593466333,87,0.558036192,0.436981582,674.9576089,0.748668865,61.54162637
Panda Masuie,Zimbabwe,0.064045411,0.071,0,0.503518223,0.257071452,8.072069711,15.71029444,0.020363838,0.027026377,-1.593466333,87,0.824536799,0.514586275,636.2852486,1.71476329,58.65697197
Matetsi,Zimbabwe,0.079088814,1.271,0,0.507318842,0.828637191,29.81177736,4.356807228,0.005520863,0.011979217,-1.593466333,87,0.731341971,0.674057724,612.6383448,3.783778861,42.07418226
Zanguja,Zimbabwe,0.068383513,0.891,0,0.501674585,1.099633758,29.71659292,7.253185581,0.008159166,0.020405019,-1.593466333,87,0.829601174,0.338106326,627.1187587,2.150373276,41.08329485
Robins,Zimbabwe,0.086184035,2.123,0,0.516626962,0.619658927,21.67211102,2.611637601,0.001531555,0.031923796,-1.593466333,87,0.920136271,1.169667717,578.0812352,0,45.41259965
Shakwanki,Zimbabwe,0.060396654,0.018,0,0.533603366,0.148469809,6.998574919,3.478364776,0,0.000232289,-1.593466333,87,0.90191116,0.848167106,490.6677737,0,48.10439847
Sinamatella,Zimbabwe,0.057755,1.163,0.002,0.49945746,1.042343785,10.50551721,9.962376234,0.021667119,0.036703743,-1.593466333,87,0.855934228,0.770991463,588.8567119,0.511193688,53.37373622
Mtoa,Zimbabwe,0.076881784,0.093,0.006,0.499000013,0.449761321,7.563139156,3.147454494,0,0.015666149,-1.593466333,87,0.907124889,1.002123779,599.5409752,0.213415532,59.10571938
Shapi,Zimbabwe,0.075017047,0.028,0,0.5002087,0.152767034,6.81426225,2.890805447,0,0.002498056,-1.593466333,87,1,0.990634043,556.9345451,0,54.95256401
Ngamo,Zimbabwe,0.079952768,0.346,0,0.499694222,0.174465464,5.479964756,8.688881103,0,0.004268037,-1.593466333,87,1,0.957135489,576.2145675,0,52.84590709
Tsholotsho North,Zimbabwe,0.077803912,11.811,0,0.500524394,0.171659821,6.058719906,12.8877457,0,0.001391446,-1.593466333,87,0.756419912,0.860835724,558.7716663,7.890780322,59.89247158
Kazungula,Zimbabwe,0.059044168,0.515,0.024,0.490437285,0.951654806,10.24905988,10.73019825,2.184096427,1.186233326,-1.593466333,87,0.740900713,0.977114166,649.3662059,3.805529476,59.94809479
Kazuma,Zimbabwe,0.094694583,0.802,0.002,0.52189032,0.30646849,19.07412445,2.411103839,0,0.003371614,-1.593466333,87,0.882259802,0.957102937,593.350466,2.535319267,49.79280475
Rosslyn,Zimbabwe,0.070980405,3.442,0,0.522062748,0.530876365,25.44860315,2.508169048,0.000540549,0.007441531,-1.593466333,87,0.745910806,1.72452148,579.6282438,11.86340384,46.87176486
Tsholotsho East,Zimbabwe,0.06160649,1.449,0,0.515686683,0.105318248,8.742074337,11.54363205,0,0.007687179,-1.593466333,87,0.885024017,0.64790594,481.024444,7.450122232,49.99564653
Ngamo Forest,Zimbabwe,0.084817827,0.523,0,0.499000013,0.329001439,6.150425532,10.96154811,0.029660906,0.019872289,-1.593466333,87,0.571397858,0.343972031,608.6291224,1.855571165,58.07425095
Sikumi Forest,Zimbabwe,0.066735279,0.119,0.027,0.499000013,0.447674675,5.674398533,6.357904012,0.000468082,0.009053896,-1.593466333,87,0.547561418,0.594673504,638.2782452,2.107379503,68.24991822
sample count,DRC,0.033672174,0,0,0.394833028,0.534459427,10.17706856,18.15387547,0.000143167,0.047419489,-1.582152833,73.3,0.831683689,0.499731094,1547.982856,0.017419422,75.37862565
total count,DRC,0.038797721,0.002,0.005,0.380594254,0.440898376,NA,13.94884073,0.003252704,0.356727798,-1.582152833,73.3,NA,0.390566113,1566.087021,0,55.75785184
Guelendeng,Chad,0.062300877,8.735,0.021,0.28514576,0.100631235,10.43360501,23.14822259,0.557222958,3.980250883,-1.358005833,69,0.051226819,0.800032353,746.5693771,4.297974219,40.8377521
Bousso,Chad,0.061438628,11.918,0.142,0.28514576,0.11555858,10.23542657,19.00115867,0.62002076,5.770194766,-1.358005833,69,0.067758722,1.100217156,550.1072973,9.095940645,44.56207158
1,Chad,0.052108643,0,0,0.28514576,0.280217652,16.09929029,5.742150979,0,0.045379108,-1.358005833,69,1,0.88903505,850.951932,2.948247753,43.50162843
2,Chad,0.054709718,0,0,0.28514576,0.160889079,16.33313333,6.653194577,0,0.109289787,-1.358005833,69,1,0.376085301,851.6038551,0,40.37192231
3,Chad,0.065971482,0.228,0,0.28514576,0.117056287,18.49124726,8.141365336,0,1.658603541,-1.358005833,69,1,0.659126164,873.526932,4.644784419,40.06407798
4,Chad,0.067412848,0.259,0,0.28514576,0.090633099,16.51278211,8.257435851,0,1.781185089,-1.358005833,69,1,0.660878701,856.6340749,1.428628031,40.61393627
5,Chad,0.05986203,0.008,0,0.28514576,0.075124589,15.67168364,8.077507087,0,0.964551679,-1.358005833,69,1,1.216997181,843.3690373,16.96362297,43.0134091
OlAriNyiro,Kenya,NA,1.736,0,0.47299999,1.552954354,29.4187858,57.00371664,NA,NA,-0.7143295,53.5,0.15096869,0,NA,0,54.99450305
Milgis River,Kenya,0.065061839,0.333,0,0.47299999,4.038490162,14.18547009,7.181527883,0.000309949,0.003084566,-0.7143295,53.5,0.314243749,0.265513084,450.4835728,41.80033903,44.78234804
Meru,Kenya,0.09854106,3.613,0.01,0.47299999,0.667848297,23.80238288,116.5133585,0.308533522,0.232699947,-0.7143295,53.5,0.655059921,0.268203379,513.6972838,1.833207634,46.69584809
SouthHigh,Kenya,0.108436643,28.222,0.061,0.47299999,2.576705139,30.25587193,111.0110644,0.013821756,0.036863444,-0.7143295,53.5,0.30583657,0.832152248,1026.691906,45.39248274,39.02412985
WestBHigh,Kenya,0.116958849,1.435,0.011,0.410466421,0.981491558,28.16136925,43.72176585,0.042942228,0.045473178,-0.7143295,53.5,0.830181119,0.442748205,660.3776406,5.863520043,39.28744223
WestAHigh,Kenya,0.114262713,1.727,0.026,0.4195859,1.014572636,25.31897776,57.1603125,0.040573711,0.06264199,-0.7143295,53.5,0.545788939,0.690377238,738.3968119,18.0729278,39.65676353
WestLow8km,Kenya,0.138042038,0.365,0.059,0.437959628,1.662529829,28.35173648,33.28320086,0.018809028,0.095183765,-0.7143295,53.5,0.371821381,0.805521967,604.4312472,22.78171041,44.6434728
West Low,Kenya,0.115220111,15.28,0.075,0.434627118,1.011462197,28.43763998,89.71376273,0.060034446,0.065653999,-0.7143295,53.5,0.574696832,0.677807247,711.2723933,12.72111591,40.10755304
EastLow8km,Kenya,0.090362395,0.034,0.015,0.47299999,0.945499609,20.91642943,16.71651131,0.000206245,0.10058711,-0.7143295,53.5,0.45963729,0.493541454,488.7706098,1.843200411,34.14706871
CentralHigh,Kenya,0.08604665,2.005,0.243,0.47299999,1.320975748,16.22912424,28.58724779,0.016356421,0.256661479,-0.7143295,53.5,0.372905209,0.704599673,542.674049,2.835442265,37.80285337
SamburuBuff,Kenya,0.083151676,0.068,0.119,0.47299999,1.211965319,22.19264602,40.00520405,0.022929606,0.597198476,-0.7143295,53.5,0.761243013,1.20442371,522.4394552,0,34.51215224
EastHigh,Kenya,0.078170794,0.003,0.005,0.47299999,0.932680242,14.13506525,9.783651043,0,0.042038712,-0.7143295,53.5,0.879225966,0.402436833,485.7232635,1.841582779,35.14478628
CntMed4km,Kenya,0.097418494,0.042,0.025,0.451475754,1.609295415,14.38645092,20.3025151,0.039945242,0.225534138,-0.7143295,53.5,0.310726619,0.448010274,533.5477321,0,38.8891952
MarsabitB,Kenya,0.176198719,2.859,0,0.47299999,1.88146378,33.21652844,15.93589013,0,0,-0.7143295,53.5,0.726069822,0.531065445,586.0081277,0,55.96196543
KerioValley,Kenya,0.074471492,16.447,0,0.47299999,1.044941106,16.8474059,136.8755403,0.011330862,0.371664513,-0.7143295,53.5,0.029567129,0.351021051,840.7551632,699.8700435,53.55729837
Turkana,Kenya,0.096425695,0.02,0.134,0.47299999,0.580200927,14.1686363,25.10674682,0,0.059283754,-0.7143295,53.5,0.565398836,0.691374837,505.5051632,115.6207196,36.00281041
Nasalot,Kenya,0.097119484,0.364,0.059,0.47299999,0.668257217,13.95924574,33.95989906,0,0.126135893,-0.7143295,53.5,0.678387677,0.988403543,535.2551632,626.8069362,42.29236193
Mwea,Kenya,0.143351667,86.091,0.015,0.47299999,1.017260413,22.19687771,124.2429924,7.042065458,1.60278262,-0.7143295,53.5,0.200893194,3.129667103,757.1968119,407.9571436,34.9646557
KC,Zambia,0.054014998,0.234,0.002,0.398000002,0.43596043,10.41355717,6.744757146,1.710453158,1.357908897,-0.340949783,90.4,1,0.228079367,887.9872694,0.14745107,64.40021336
KA,Zambia,0.049380888,0.709,0.035,0.398000002,0.415510921,8.92594765,6.679055239,0,0.011046382,-0.340949783,90.4,0.676656978,0.09320797,888.2822853,1.74388313,71.89436764
KD,Zambia,0.049890378,0.191,0.002,0.398000002,0.486967049,11.96993071,5.806646025,0.365407659,0.217549884,-0.340949783,90.4,1,0.37042081,970.6731282,0.335267418,65.16447497
KB,Zambia,0.04820047,5.441,0.127,0.398000002,0.630780386,10.11451871,9.189650462,0.821305331,0.478389166,-0.340949783,90.4,0.805172898,0.376208079,913.568335,2.649153638,71.95833937
Lzam,Zambia,0.065345682,3.061,0.212,0.405805136,1.295368708,12.10099173,18.96550752,2.63055165,1.133385584,-0.340949783,90.4,0.913897723,0.631964278,696.9336301,1.664657401,61.63607015
LC,Zambia,0.052337407,3.944,0.08,0.398000002,0.555427927,13.20868663,9.896261066,0.009902927,-0.244987073,-0.340949783,90.4,1,0.191948,882.6108552,0.436881526,52.5795614
LA,Zambia,0.042886972,1.822,0.004,0.398000002,1.608329292,10.33003669,7.292516229,0.000277293,-0.042526413,-0.340949783,90.4,0.820086119,0.044001255,898.2888873,0.007896509,71.35731038
LB,Zambia,0.053529368,1.664,0.119,0.397485384,0.890005568,11.96729721,18.12003209,0.000700052,-0.052913047,-0.340949783,90.4,0.951911433,0.447092876,886.7846002,1.333415956,59.18812477
LD,Zambia,0.057269803,0.106,0.004,0.388056091,1.172887584,7.630504499,18.84539958,0,0.002755168,-0.340949783,90.4,0.594348556,0.136191061,877.1915269,0,66.9309377
SIA,Zambia,0.074646498,0.055,0.014,0.400409805,0.061974752,12.91644942,6.31249247,0,0.166170465,-0.340949783,90.4,0.999233918,0.288928621,682.8951491,0,51.33862562
SIB,Zambia,0.083532719,0.267,0.039,0.417365701,0.10243176,12.4919944,5.182886437,0.007684003,0.334115484,-0.340949783,90.4,0.955568643,0.354581838,647.9417345,0.056750151,52.92176777
Majete Wildlife Reserve,Malawi,0.081797821,0.057,0.003,0.320359975,1.698819863,8.488941135,100.7683031,0.073531196,0.124643448,-0.209145217,84.2,0.109580068,0.184397248,852.0213492,6.407703137,68.20810319
Kalahari Gemsbok National Park,South Africa,0.091081968,0,0.003,0.616856098,0.162720949,6.132811938,0.107136875,0,0,0.13887075,63.2,0.564042117,0.298004901,216.996238,0,32.91384981
Marakele National Park,South Africa,0.084968518,4.875,0.006,0.558472395,4.663113205,10.59843347,11.09463906,0,0,0.13887075,63.2,0.040405297,3.981657189,637.6755343,0,53.37277982
Mokala National Park,South Africa,0.120794353,0.105,0.007,0.643984377,0.700163723,12.13010794,7.170443448,0,0,0.13887075,63.2,-6.66E-16,2.341034825,399.4158081,0,34.10378409
Addo Elephant Park,South Africa,0.110083902,1.003,0.002,0.580273747,3.585024735,16.10591525,90.54606088,10.90744613,0.262807427,0.13887075,63.2,2.52E-07,1.450262937,820.768571,0,53.48594696
Gorongosa National Park,Mozambique,0.073413404,0.841,0.003,0.209000006,0.552420918,15.08252607,31.04614489,0.04673864,3.005697364,-0.683256567,67.4,0.99758289,0.350328937,1090.927095,0.016579728,73.37010439
NG14,Botswana,0.056301823,0.002,0,0.578468568,0.063419602,5.510262509,2.41118696,0.072402604,0.521170399,0.638451633,91.6,0.85165333,0.174466488,530.9218542,0.248302595,43.76054217
Chitima 1,Mozambique,0.09779439,4.426,0.242,0.209000006,0.67838165,13.5776577,15.08029787,21.41981989,3.093024671,-0.683256567,67.4,0.648080928,0.705001945,734.0919585,1.77052518,46.6506892
Chitima 3,Mozambique,0.061270679,3.559,0.019,0.209000006,0.523394063,15.06734552,11.71679432,0,0.000433373,-0.683256567,67.4,1,0.949339915,672.3636114,2.654670083,48.11016215
Chinthole 1,Mozambique,0.05265986,4.443,0,0.209000006,1.407162732,21.46400142,6.371126056,0,0.004104177,-0.683256567,67.4,0.748497962,0.587951068,488.7251794,1.97960026,48.09619314
Magoe 1,Mozambique,0.058818844,2.023,0.12,0.318247535,0.570447704,10.74292658,13.04636121,3.474456539,7.099445472,-0.683256567,67.4,0.617293904,0.783388695,692.1987023,0.624088131,47.50531848
Makumbura 4,Mozambique,0.064738359,17.083,0.261,0.250428576,0.731271317,17.21938527,23.52251813,0,0.001073277,-0.683256567,67.4,0.847597455,0.983585239,691.6093288,4.007441556,44.29378284
Makumbura 3,Mozambique,0.059266528,0.813,0,0.237121217,1.355430801,12.16734694,16.14554045,0,0.001848861,-0.683256567,67.4,1,0.223233448,703.0652112,0.841512613,47.92742076
Makumbura 1,Mozambique,0.070663318,1.498,0.07,0.256912926,0.5050076,14.02218105,15.71528415,16.8502621,3.018318666,-0.683256567,67.4,0.619430043,0.420359411,704.7784125,0.460619955,44.90443942
Tongoe,Mozambique,0.059709968,0.09,0,0.237495388,1.152079182,8.173477898,6.644966229,0,0.000254015,-0.683256567,67.4,0.172377286,0.893892801,846.0320357,0.080027241,66.57963533
Chinthole 3,Mozambique,0.058324754,0.917,0.01,0.209000006,0.738054291,12.67752245,12.00944675,0,0.000893651,-0.683256567,67.4,0.659830243,0.857733283,675.6852488,2.529450269,50.71334001
Kachembe,Mozambique,0.084072303,1.963,0.031,0.209000006,0.543502964,12.27652039,22.54045199,0,0.000647725,-0.683256567,67.4,0.570703211,0.395205855,677.1408044,2.302324567,47.21528885
Chitima 2,Mozambique,0.0733559,2.431,0.079,0.209000006,0.635557698,11.89318951,17.05375521,1.212608758,0.239318294,-0.683256567,67.4,0.723510577,0.639053628,633.4541377,3.016874329,46.78432424
Chitima 4,Mozambique,0.067630203,1.551,0.002,0.209000006,0.710614673,13.61368703,13.39718595,0,0.000541349,-0.683256567,67.4,0.806605277,0.613360926,650.9455663,3.488533311,50.83483813
Chinthole 4,Mozambique,0.053689315,1.961,0.001,0.265129043,1.058483376,15.11672024,15.3066129,0,0.176920254,-0.683256567,67.4,0.657442258,0.748584772,642.4960127,1.33929569,57.02794805
Chinthole 2,Mozambique,0.054645729,19.2,0.031,0.285709796,0.871788681,21.31378928,24.57226651,0,0.096736362,-0.683256567,67.4,0.52159687,0.898839528,685.6723541,2.920618162,43.88830575
Mphende,Mozambique,0.07977254,2.599,0.164,0.224343921,1.084201569,12.47172565,12.50650085,20.78596758,2.085363166,-0.683256567,67.4,0.652238847,0.967907246,675.4939404,0.998093828,46.47049147
Magoe 3,Mozambique,0.08073193,8.351,0.122,0.31351963,0.542764711,13.11487262,16.52260483,8.611172609,4.439730204,-0.683256567,67.4,0.692585302,0.456110629,711.0075189,1.253240669,44.25538098
Magoe 2,Mozambique,0.065182501,0.25,0.003,0.240827376,0.559092014,11.18816222,11.09758593,11.63301148,5.380512455,-0.683256567,67.4,0.601971121,0.720755588,706.9523255,1.781777411,45.80287487
Makumbura 2,Mozambique,0.067712235,7.754,0.041,0.319412885,0.377274309,14.01326617,27.55488897,0.074974213,0.753462339,-0.683256567,67.4,0.569056764,0.530901038,710.2767497,1.338669581,46.48519526
Magoe 5,Mozambique,0.07131866,0.366,0,0.333328477,0.570148526,11.29445007,15.66045947,0.005954786,0.140248011,-0.683256567,67.4,0.985132678,0,717.2082261,0.439722813,48.5658648
Magoe 4,Mozambique,0.060720653,5.673,0.055,0.383498853,0.479806,12.84609509,17.70714703,0.00039974,0.478541137,-0.683256567,67.4,0.926807951,0.262998447,690.0320357,0.363652973,48.99868323
Chimpembere,Mozambique,0.072842746,1.976,0.162,0.254300909,0.911499269,13.06145199,22.26741527,0,0.413564204,-0.683256567,67.4,0.528781326,0.36028522,546.1667303,3.084848695,62.18833486
Luenha,Mozambique,0.064805952,5.712,0.191,0.253865265,0.885094269,10.40731595,25.2062099,0.0129668,0.840476116,-0.683256567,67.4,0.10926636,0.333053391,617.8241377,8.624238459,54.02060955
Metamboa,Mozambique,0.06069665,0.036,0,0.209000006,0.984086946,8.646329707,8.162578219,0,0.000820031,-0.683256567,67.4,0.099859052,0,897.4844166,0.060050256,67.5218886
Zumbo,Mozambique,0.058707111,2.2,0.21,0.290150521,2.239854432,11.88912876,9.568412226,3.825121045,5.339591398,-0.683256567,67.4,0.467652154,2.002062171,724.1987023,2.285021504,55.24027505
Luangwa,Mozambique,0.060546778,0.925,0.002,0.307460092,1.053504375,12.77855653,7.76610582,0.025342123,2.81811517,-0.683256567,67.4,0.485544605,0.833016416,746.6345998,0.058680273,63.05762778
Mecucoe,Mozambique,0.056327378,1.02,0.018,0.209000006,1.54723915,12.40910564,8.456857745,7.434642014,1.392424335,-0.683256567,67.4,0.081067772,0.461587598,764.590369,0.532886551,54.89467586
L2,Mozambique,0.057185994,0.034,0.011,0.209000006,1.353868003,8.073345767,5.221625343,0.022682093,0.111188896,-0.683256567,67.4,0.833518233,0.202633972,1238.386632,0.359128601,88.5434449
L4,Mozambique,0.079165657,0.018,0.112,0.209000006,1.09630396,9.46817788,1.213597556,0.161731459,0.606038038,-0.683256567,67.4,0.999999975,0.719015314,1219.459324,1.027165351,62.28769899
M,Mozambique,0.069666981,0.237,0,0.209000006,8.543089999,12.66251017,1.627091629,0,0,-0.683256567,67.4,1,0.62419764,1309.443299,19.17263063,90.16121231
L7,Mozambique,0.066757892,0.075,0.017,0.209000006,0.878842691,9.211918913,3.08255745,-0.168120428,0.697017551,-0.683256567,67.4,1,0.270160647,1174.267108,0.463965446,58.00072963
Niassa ext. east,Mozambique,0.068367106,0.094,0.003,0.209000006,0.85986094,10.63203763,1.268601727,0,0.004306541,-0.683256567,67.4,0.522633753,0.311152164,1110.44177,0.30323047,62.31737769
Niassa ext. west,Mozambique,0.049194192,0.01,0.001,0.209000006,0.816119208,7.656772044,5.477382535,0.077785482,0.167669421,-0.683256567,67.4,0.480006102,0.586492743,1194.175183,0.648323599,80.94181734
R2,Mozambique,0.063435188,0.152,0.001,0.234613641,1.57431967,8.359847111,3.405385186,0.075383942,0.134872616,-0.683256567,67.4,0.854599642,0,1224.074797,0.808577545,63.39567942
J,Mozambique,0.059694231,0.046,0,0.213216242,5.303356342,10.2022169,1.897851019,0,0,-0.683256567,67.4,1,0,1314.832188,17.62807332,94.62748165
R6,Mozambique,0.072168131,0.017,0.009,0.270250007,0.820644938,10.93823704,5.874498256,0.374447323,0.894349233,-0.683256567,67.4,0.639890311,0.143431774,1021.40017,1.612809691,56.57637074
L1,Mozambique,0.057862931,0.702,0.062,0.21601947,1.836034407,7.416646123,4.415172237,0.000219006,0.005201436,-0.683256567,67.4,0.75296577,0.235745987,1292.042924,0.664941491,80.46773858
R4,Mozambique,0.066095905,0.014,0,0.233520579,1.18171038,9.855897636,1.624411249,0.010650972,0.218024747,-0.683256567,67.4,0.924529754,0.420633157,1222.850496,0.538942215,68.10982849
L3,Mozambique,0.071912435,0.02,0.002,0.216685971,1.07530655,8.880120681,1.68717771,0.266082728,0.22864877,-0.683256567,67.4,0.999999937,0.662855271,1226.490918,0.618225983,67.64936381
L9,Mozambique,0.07647492,0.009,0.015,0.243076416,0.727201154,12.5503101,5.06809061,0.296657674,0.93211514,-0.683256567,67.4,0.486255861,0.310842499,1003.426307,1.27413966,66.04051068
L6,Mozambique,0.075649347,0.016,0.008,0.244717255,0.686252173,11.89159892,2.576779716,0.048688343,0.727394713,-0.683256567,67.4,1,0.416055075,1074.162346,1.594517625,59.92483351
R3,Mozambique,0.068550001,0.029,0.002,0.256891318,0.929900523,9.650720824,5.678994229,0.025649946,0.474228857,-0.683256567,67.4,0.67372285,0.277045926,1178.53817,0.756209004,63.09056348
R1,Mozambique,0.064392209,0.101,0.002,0.252794649,1.056125275,8.711825216,3.947050855,0.145939449,0.219972133,-0.683256567,67.4,0.319398242,0.223541783,1237.239347,0.155788814,60.65772737
L5,Mozambique,0.073464734,0.038,0.016,0.222194757,0.835874684,11.40472321,1.638368413,0.249064555,1.129018166,-0.683256567,67.4,1,0,1105.023758,2.030821745,54.37096964
R5,Mozambique,0.068060521,0.009,0.002,0.238360588,0.458695384,13.04813798,2.464143247,0.278148173,0.45753835,-0.683256567,67.4,0.85814631,0.248457739,1168.836632,1.525338498,62.16616005
L8,Mozambique,0.074141866,0.032,0,0.218970934,1.073810962,12.35680033,1.297464221,0.132806143,0.65244946,-0.683256567,67.4,0.984158978,0.255690667,1065.687328,0.0564221,60.08978846
Niassa ext. central,Mozambique,0.059186759,0.108,0.007,0.209000006,0.794321183,9.335300964,5.056431926,0,0.025087628,-0.683256567,67.4,0.623748167,0.413221088,1172.614563,0.4350326,66.20685064
Marromeo Buffalo R,Mozambique,0.07919775,1.752,0,0.209000006,0.07295225,21.72519272,27.30373923,3.717362764,1.001438994,-0.683256567,67.4,0.52125346,0.309261981,1079.311683,0,37.99760021
Q1,Mozambique,0.068037029,0.216,0.145,0.209000006,1.072055683,12.73561179,15.08496192,0,0.103941562,-0.683256567,67.4,0.948062909,0.288759698,1072.557664,0.424779885,74.04093504
Q2,Mozambique,0.070057533,1.652,0.249,0.209000006,0.946864282,14.58480104,39.87127985,69.30980797,1.461612628,-0.683256567,67.4,0.702395743,0.299578902,1011.457366,0.111640506,61.257424
corridor,Mozambique,0.085723701,0.029,0.038,0.212744191,0.915930305,13.97349732,3.707307032,0,0.121104619,-0.683256567,67.4,0.511303962,0.280710821,1050.291288,0.014189922,70.46043111
Limp. ext.,Mozambique,0.08472466,0.39,0.028,0.356999075,0.682741457,9.912017437,5.330755072,3.501394247,0.544230616,-0.683256567,67.4,0.550110412,0.242528525,563.8835837,3.210062591,51.82112227
Limp. east,Mozambique,0.066832272,7.558,0.093,0.237809937,0.475815116,13.00364546,6.220139128,0.027331146,0.70021941,-0.683256567,67.4,0.406772373,0.21834257,466.9476515,0.199232608,60.49569122
Limp. west,Mozambique,0.072819219,2.704,0.036,0.366821315,0.854436556,14.40697973,3.140062833,2.303687732,0.548503152,-0.683256567,67.4,0.9203072,0.0651749,470.7102553,0.264634178,60.21043103
Limp. north,Mozambique,0.107392624,2.826,0.054,0.351348242,0.874925785,11.28634491,2.919322787,0.001893464,0.712822381,-0.683256567,67.4,0.547087756,0.426254626,431.614422,0.216534218,68.98946448
Limp. ext. 1,Mozambique,0.109272286,3.514,0.007,0.383823906,0.809128002,19.94286026,3.985060087,0.000349454,0.012070844,-0.683256567,67.4,NA,0.407238345,636.1253965,0,52.99711462
KVCA,Uganda,0.050950112,1.011,0.004,0.329215795,2.23629857,27.72669815,32.5620135,0,0.000554092,-0.3711146,81.4,0.501631875,0.325810147,787.7662235,8.132682099,46.44114664
Ishasha,Uganda,0.041164513,12.092,0.016,0.331682235,0.800883701,25.92472813,167.8414325,11.20471601,0.156040272,-0.3711146,81.4,0.645083458,1.009203274,998.9226779,1.195571253,66.16722624
QENP North,Uganda,0.060596572,11.176,0.413,0.320389924,0.819572437,34.28084106,174.3858665,17.86860377,0.622365892,-0.3711146,81.4,0.362791867,0.537957997,922.7328228,1.541634488,52.96746031
MFNP,Uganda,0.030881834,13.206,0.163,0.309284836,0.988487978,16.25908559,93.67166959,3.312404342,0.705002539,-0.3711146,81.4,0.228439349,0.323296352,1193.829069,0.540253005,64.85481021
Kruger National Park South,South Africa,0.106509711,0.249,0.036,0.493898213,1.227786998,11.50259345,91.55062565,0.060819587,0.140679237,0.13887075,63.2,0.298264567,0.757210138,671.5392854,0,46.612228
Kruger National Park central,South Africa,0.109851221,0.01,0.01,0.493898213,0.756333518,16.22238458,15.80831951,0.023302791,0.095452586,0.13887075,63.2,0.657654118,0.657436057,581.2107231,0,41.20431205
Kruger National Park North,South Africa,0.108223962,0.014,0.009,0.493898213,0.760431529,16.23382856,19.73732395,0.057154223,0.206693234,0.13887075,63.2,0.724988121,0.740142187,500.466917,0,44.65131194
Kruger National Park Far North,South Africa,0.138445012,0.021,0.001,0.493826591,0.715276363,19.27853934,21.7019555,0.007317112,0.217103679,0.13887075,63.2,0.522394286,0.726955835,489.9482183,0,52.09488406
Akagera,Rwanda,0.092950419,8.586,0.099,0.289134332,2.2311033,19.0022779,145.4529568,11.14727487,1.454370791,-0.160670267,57.4,-8.84E-14,0.93,972.0815519,0,45.30186126
BoubaNP,Cameroon,0.041186508,3.719,0,0.413994204,0.819039949,10.15057892,21.80986528,0,0.079043472,-1.01845035,48.6,1.29E-13,0.25,1106.376251,0.048211306,46.30271385
Faro,Cameroon,0.040302558,1.971,0.001,0.440983593,1.083121559,15.19417129,14.95094782,0.001157987,0.991333399,-1.01845035,48.6,5.77E-15,0.16,1359.457194,0.101055352,47.50153311
Benoue_all,Cameroon,0.038089186,2.898,0.007,0.444000006,1.236191015,10.51508979,23.5123828,0,0.35323374,-1.01845035,48.6,0.229360769,1.22,1292.141378,0.22020539,51.97344787
SenaOura_NP,Chad,0.039046628,9.857,0,0.32791421,0.641795301,8.79777023,38.19754563,0,0,-1.358005833,69,0.280578651,0.33,1024.481251,3.597554656,66.06061442
khaun,Namibia,0.077318731,0.002,0,0.579195126,0.113488143,5.335318865,0.357309019,0,0.004955962,0.190705533,76.6,0.560424504,0.22,530.976766,0,46.06783547
khauc,Namibia,0.103072978,0,0,0.579037042,0.193720905,6.509078591,0.210772906,0,0.000825994,0.190705533,76.6,0.718061555,0.81,504.2240963,0,44.68153706
khas,Namibia,0.106391362,0,0,0.579981132,0.286841982,7.239027958,0.371436687,0,0,0.190705533,76.6,0.517671503,0.64,493.4530818,0,47.59758101
klow2,Namibia,0.063384499,1.13,0.002,0.578924533,0.05821258,4.903549196,1.157602191,0,0.003303975,0.190705533,76.6,0.250607545,1.4,561.3043639,2.69269306,55.13804566
TS1,Namibia,0.109488864,0,0.001,0.579806453,0.198271888,9.275183993,0.390266607,0,0,0.190705533,76.6,0.161943141,0,476.3959389,2.09412765,47.08397723
TS2,Namibia,0.117492357,0,0,0.578000009,0.125909897,10.40343286,0.446145504,0,0.026431798,0.190705533,76.6,0.119057144,0.5,477.5780818,3.259653367,44.82333219
TS3,Namibia,0.120701721,0.001,0.001,0.580065574,0.277614976,10.95747414,0.500896977,0,0.003303975,0.190705533,76.6,-7.99E-15,1.53,458.8530818,2.461322317,47.15837026
TS4,Namibia,0.112910676,0.077,0.002,0.578000009,0.132759544,11.19743185,0.434841906,0.024486729,2.368123922,0.190705533,76.6,2.73E-14,1.35,458.3816532,2.099937543,43.66598065
TS5,Namibia,0.138861963,0.002,0,0.579272731,0.193444524,10.53467844,0.391000255,0.044600829,0.54540092,0.190705533,76.6,3.33E-15,3.06,441.9421353,3.255082822,41.13717645
TS7,Namibia,0.141125252,0,0,0.578000009,0.050172406,11.46257099,0.766612109,0.155830792,17.54575806,0.190705533,76.6,-1.24E-14,0,446.5030818,27.21297113,36.12125874
TS6,Namibia,0.131843656,0.073,0.001,0.578000009,0.135203561,8.121132324,0.32784769,0.007580957,1.35182705,0.190705533,76.6,1.95E-14,0.76,463.8736829,1.311022541,40.95145292
Buffalo_MahangoNP,Namibia,0.07460301,4.684,0.158,0.536823727,0.198529047,5.224073247,3.47432179,0.403605147,0.744220319,0.190705533,76.6,0.357878497,1.91,564.5959389,2.790912654,47.65111448
Bwabwata,Namibia,0.08328489,0.153,0.009,0.524012536,0.104115311,5.623683621,0.751559539,0,0,0.190705533,76.6,0.859146163,0.7,563.3564014,0.972548617,47.09189715
Susuwe,Namibia,0.086383661,0.503,0.008,0.530198012,0.19362465,6.621645549,2.635439973,0.008318271,0.413705623,0.190705533,76.6,0.602481167,1.47,588.1163703,3.21677861,48.93225523
Zambezi_South,Namibia,0.065547521,1.586,0.07,0.580055556,0.05173044,10.07849565,4.519006839,0.570387245,5.832100096,0.190705533,76.6,0.106321318,0.42,591.0629939,1.821451838,46.90951798
Zambezi_North,Namibia,0.080564575,1.614,0.282,0.521732084,0.122526036,9.274249106,7.433211099,0.67463377,8.272470762,0.190705533,76.6,0.254027132,0.52,637.1002655,1.20074423,51.9746051
Salambala_Impalila,Namibia,0.060730657,0.693,0.535,0.547216217,0.068674952,11.84744463,5.44037258,1.143685524,33.00003584,0.190705533,76.6,0.269781889,1.43,629.852048,4.868005735,39.52464102
Etosha,Namibia,0.183513997,0.111,0.005,0.578000009,0.160729973,12.45580974,0.974261674,0.001746625,8.803366225,0.190705533,76.6,0.251893505,0.26,405.5529989,0.071728654,33.72502675
Kwando_namibia,Namibia,0.071252458,1.226,0.029,0.564661457,0.08723328,7.782763392,2.930601528,0.308027671,1.229625045,0.190705533,76.6,0.579343001,0.82,563.2313412,1.570036429,45.73122066
MaputoSR,Mozambique,0.07120399,1.266,0.054,0.304872524,0.529324133,12.91587422,18.48755843,11.77547604,1.25797229,-0.683256567,67.4,0.043060572,0.82,796.7412408,1.71143633,66.38216347
Mikumi National Park,Tanzania,0.082825432,5.58,0.093,0.370000005,1.923689051,12.92479422,27.23256998,0.024136013,0.11963312,-0.461082533,70.7,0.220428673,0.3,1154.266375,0.061167588,82.08053331
SelousGR,Tanzania,0.073189895,0.967,0.005,0.370000005,1.195091664,11.06255037,6.605087593,0.186242251,-37.16909403,-0.461082533,70.7,0.350491979,0.03,1199.637449,0.481462727,71.11617727
Selous_Niassa_Corridor,Tanzania,0.060411244,0.683,0.12,0.353719106,1.291777102,8.239889782,9.493687533,0.0022459,0.102596797,-0.461082533,70.7,0.254213328,0.08,1140.9242,0.809286232,72.09392227
NgarambeTapikaWMA,Tanzania,0.092597967,0.424,0.034,0.370000005,1.066725327,11.84271503,7.789532177,0.17593036,2.414661627,-0.461082533,70.7,0.578744257,0.49,1090.785491,2.04710215,66.9811307
KilomberoGCA,Tanzania,0.078356369,33.404,0.864,0.370000005,0.139674089,17.72808701,42.4014666,0.214468422,-392.9304226,-0.461082533,70.7,0.169846343,0.19,1365.648433,1.273543925,41.93081462
TarangireNP,Tanzania,0.107560038,26.684,0.046,0.370000005,0.950049452,19.59177807,28.8309943,0.056653857,2.130311544,-0.461082533,70.7,0.431202645,0,718.5966752,0.991862948,39.65234451
Simanjiro,Tanzania,0.110252095,44.047,0.064,0.370000005,1.002984552,21.15401441,12.35774732,0.007207115,0.11055976,-0.461082533,70.7,0.224202879,0.02,686.5670853,4.50471088,40.45754061
Lolkisale,Tanzania,0.098181813,34.612,0.054,0.370000005,1.386879052,20.02310937,20.82609428,0,0.022360401,-0.461082533,70.7,0.536987272,0,755.9791247,25.03517232,35.2480695
Mkungunero,Tanzania,0.122351807,56.163,0.469,0.370000005,0.83083321,17.75869789,32.64718378,0.003119567,0.481541674,-0.461082533,70.7,0.02968964,0,667.1092238,15.23000679,37.79455978
MakameWMA,Tanzania,0.082806125,20.673,0.079,0.370000005,0.807676067,14.9970833,11.64672748,0,0.219877275,-0.461082533,70.7,7.22E-15,0.64,601.6040224,4.546777567,49.07243286
KwaKuchinja,Tanzania,0.097132434,11.209,0.777,0.370000005,0.438607598,27.39910192,48.16780006,11.15069669,11.83548537,-0.461082533,70.7,0.073989428,2.46,650.169384,31.12293959,35.29685878
BurungeWMA,Tanzania,0.089127177,12.19,0.404,0.370000005,0.263541287,19.64056648,52.49275394,17.62088002,16.2180976,-0.461082533,70.7,0.063508012,1.56,687.719384,31.72595512,36.6403575
LakeManyaraNP,Tanzania,0.116397114,6.067,0.794,0.370000005,0.100902134,27.52309142,66.92280762,54.71336937,18.26235846,-0.461082533,70.7,0.320286152,0,638.8027173,0,35.11052409
Kibaoni,Tanzania,0.068104552,17.988,2.198,0.370000005,0.797945838,16.97315436,68.32472201,0.127382392,5.730342892,-0.461082533,70.7,0.112880477,5.62,750.594384,171.0303901,41.92518307
MtoWaMbu,Tanzania,0.108033257,6.477,0.407,0.370000005,2.223956606,29.104763,35.233077,0.493417534,4.595993711,-0.461082533,70.7,0.151283469,0.24,610.4105605,24.70059531,34.73100175
HiP,South Africa,0.149537388,0.087286119,0.005978501,0.592490077,2.500721604,11.75630369,89.01153776,0.162147208,1.065560815,0.13887075,63.2,0.02964752,8.45E-06,893.4638858,2953.14722,48.3549496
Liuwa_plain,Zambia,0.045020739,0.12260503,0.041351993,0.398000002,0.07595463,13.77651442,6.099145724,0.027923856,8.937908956,-0.340949783,90.4,1,0,1048.380021,512.45648,37.66891201
