,stratum,country,seasonality,cropland,human_settlement,slope,soil,human_density,percent_perm_water,percent_seasonal_water,ROL,BDH,prop_in_PA,RoadArea,rainfall,livestock_biomass,TreeCover,HDI_mean
1,Kazuma Forest Reserve,Botswana,0.065262289,0.035,0.041,0.154768786,9.518447225,1.978062516,0,0.026718335,0.638451633,91.6,0.729718387,1.446080949,485.6501899,0,69.64974889,0.698
2,total count,DRC,0.039044792,0.002,0.005,0.440898376,NA,13.94884073,0.004560311,0.276329454,-1.582152833,73.3,NA,0.390566113,1681.984296,0,74.25785184,0.435
3,OlAriNyiro,Kenya,0.094630109,1.736,0,1.552954354,29.4187858,57.00371664,0.255378926,0.168137848,-0.7143295,53.5,0.15096869,0,888.9560248,0,73.49450305,0.55
4,SamburuBuff,Kenya,0.083424733,0.068,0.119,1.211965319,22.19264602,40.00520405,0.033166551,0.720359315,-0.7143295,53.5,0.761243013,1.20442371,650.0514852,0,53.01215224,0.555
5,CntMed4km,Kenya,0.097738402,0.042,0.025,1.609295415,14.38645092,20.3025151,0.057778834,0.272046268,-0.7143295,53.5,0.310726619,0.448010274,664.3022609,0,57.3891952,0.55
6,SenaOura_NP,Chad,0.039876884,9.857,0,0.641795301,8.79777023,38.19754563,0,0,-1.358005833,69,0.280578651,0.33,1096.587796,3.597554656,84.56061442,0.396
7,Nyahururu Forest,Kenya,NA,38.413,0.397,2.122786332,29.88200431,192.5892325,NA,NA,-0.7143295,53.5,NA,NA,NA,0,NA,NA
8,Makgadikgadi NP West,Botswana,0.114366882,0.056,0.069,0.082638555,7.486184849,3.315984317,0,0,0.638451633,91.6,0.555690714,0.325976551,330.0540324,0.481470282,55.29914144,0.698000014
9,Makgadikgadi East,Botswana,0.107357189,0.01,0,0.080611275,9.810550488,3.831346007,0,0,0.638451633,91.6,0.69884511,0.233458845,328.1791204,0.061015261,52.35729767,0.698000014
10,East Gweta total count,Botswana,0.072622051,2.144,0.01,0.050416976,7.169774011,4.227520238,0,0,0.638451633,91.6,0.335652462,1.565916649,343.8400649,10.72549328,53.968234,0.698000014
11,NG37 Ngami,Botswana,0.136089148,0.003,0.052,0.178842164,9.242441917,2.245571053,0,0,0.638451633,91.6,0.941835416,0.315620242,368.1738035,1.34934346,62.76279092,0.698000014
12,NG35 South,Botswana,0.099288285,0.007,0.149,0.061964733,6.839757893,2.279870149,0,1.125528673,0.638451633,91.6,1,0.764413075,379.7876171,1.489792791,61.06049537,0.698000014
13,"NG27a, 27b and 30",Botswana,0.076810169,0,0.005,0.061368405,12.20019254,2.372786928,0.003617343,14.04722779,0.638451633,91.6,1,0.097613594,391.462017,2.07837704,57.27363664,0.698000014
14,CT4 and 7,Botswana,0.066708431,0.464,0.012,0.088651266,7.225614159,4.743375453,0,0.036289215,0.638451633,91.6,0.505462742,0.265871717,361.0181355,1.177513713,63.29094272,0.698000014
15,NG35 North,Botswana,0.083547741,0.006,0.148,0.068839737,9.529956619,2.375709708,0.113152959,7.724559835,0.638451633,91.6,1,0.602895797,396.5156168,5.914540329,63.29074748,0.698000014
16,NG29,Botswana,0.071689943,0.078,0,0.053170719,8.425473798,2.172829912,3.73E-05,8.302675895,0.638451633,91.6,1,0.064702281,382.6159234,1.780216511,59.14259334,0.698000014
17,NG41 Mababe North,Botswana,0.089776067,0.108,0.017,0.110462659,7.450480591,2.247933348,0.00233349,0.045792021,0.638451633,91.6,0.999904952,0.863361453,404.3749454,1.971847564,61.83769512,0.698000014
18,NG12,Botswana,0.060296978,0.061,0.027,0.051068661,9.325061078,1.359161884,0.005089067,4.86818185,0.638451633,91.6,1,0.455783126,418.0809825,0.88901433,59.4940647,0.698000014
19,Rakops,Botswana,0.114668024,0.466,1.194,0.054360686,10.12686739,3.230857707,0,0,0.638451633,91.6,0.11121926,0.512395882,300.3830785,10.33386257,55.79333944,0.698000014
20,Nxai Pan NP,Botswana,0.080516401,0.011,0.004,0.071509588,7.145179792,2.987768734,0,0,0.638451633,91.6,0.887003039,0.323810656,360.860938,0.046080748,61.60366192,0.698000014
21,NG47 and 49 Nxai,Botswana,0.089580096,0.033,0.019,0.074325079,7.038758476,2.446873017,0,0.000226899,0.638451633,91.6,0.826930547,0.406039191,364.3957502,1.042598414,64.74269627,0.698000014
22,NG32,Botswana,0.076096051,0.001,0.011,0.054874342,12.83378873,2.375747088,0.071690908,12.20558326,0.638451633,91.6,1,0,399.6645918,2.318183692,57.29519253,0.698000014
23,NG31 and 17 Chitabe,Botswana,0.06305394,0.004,0,0.06558284,11.89348848,2.3745477,0.03970803,2.30011958,0.638451633,91.6,1,0,402.5106388,11.2427262,59.41288313,0.698000014
24,NG26,Botswana,0.067182339,0.015,0,0.05542338,12.4141897,1.852620912,0.000410214,13.48575857,0.638451633,91.6,1,0,386.0069642,1.539645831,56.55438929,0.698000014
25,NG34,Botswana,0.0787388,0,0.046,0.073116144,5.807891156,2.378733647,0.000963836,0.628819339,0.638451633,91.6,0.999874152,0.35061881,398.3580122,3.406857053,63.7687113,0.698000014
26,NG 43 Mababe South,Botswana,0.112114311,0,0,0.064720566,4.709996163,2.37771093,0,0.000192973,0.638451633,91.6,1,0.494055333,394.5607299,3.563081523,58.47561362,0.698000014
27,NG25,Botswana,0.069385243,0.002,0,0.050611972,18.56816998,1.719796764,0.003899838,16.60998635,0.638451633,91.6,1,0,390.5012286,2.590376708,52.60512068,0.698000014
28,CT1 and CT2,Botswana,0.076645018,0.014,0,0.120395636,5.357272003,4.31635419,0,0.000123198,0.638451633,91.6,0.999991666,0.114268809,395.333893,0.47525345,67.75392701,0.698000014
29,"NG41, 42, 43",Botswana,0.081005746,0.003,0,0.047809731,5.262387768,2.535977078,0,0.000152649,0.638451633,91.6,0.914958522,0.212576877,397.7299245,0.405858384,65.84050657,0.698000014
30,Moremi,Botswana,0.064757236,0.012,0,0.060347679,11.67791298,2.17384441,0.054676196,4.56612676,0.638451633,91.6,1,0.12257084,404.2357261,0.514267249,59.63326657,0.698000014
31,NG23Duba,Botswana,0.058444147,0.005,0,0.054967593,14.37076856,1.592028167,0.040762934,4.228105886,0.638451633,91.6,1,0,402.6454236,2.8064238,56.59223405,0.698000014
32,NG24,Botswana,0.068030093,0.004,0.021,0.046510504,18.97854478,1.484793636,0.104108725,10.16079148,0.638451633,91.6,1,0,393.9338306,2.341204056,51.63242444,0.698000014
33,NG22Vumbra,Botswana,0.051852959,0,0.008,0.04953166,8.489022392,1.595322687,0.040898584,3.359826183,0.638451633,91.6,1,0,412.9952254,1.612419895,59.1394827,0.698000014
34,Chobe Mababe,Botswana,0.086133245,0.005,0,0.074929256,12.70540576,1.936503336,0,0,0.638451633,91.6,0.999913238,0.214356755,618.0261933,0.090646096,63.5626037,0.698000014
35,"NG20, 21 Splash",Botswana,0.064599415,0,0.002,0.046670345,7.341827448,2.123914092,0.035699111,1.597793977,0.638451633,91.6,1,0,420.6882719,0.431703493,58.35526188,0.698000014
36,"NG18, 19 Khwai",Botswana,0.071956942,0,0.009,0.045307007,5.376148289,2.252122341,0.00155945,0.124025078,0.638451633,91.6,1,0.124703241,422.6946673,0.567424418,61.95632986,0.698000014
37,NG16,Botswana,0.061148856,0,0,0.047897481,5.24079268,1.824585475,0.11234929,1.663284523,0.638451633,91.6,1,0,435.8856967,0.46125083,58.92653874,0.698000014
38,"CH7, 8, 11 and 12",Botswana,0.084245215,0.496,0.003,0.110964511,6.240778915,2.089407571,0,0.001099205,0.638451633,91.6,0.900563801,0.332045262,507.0186997,0.053848522,68.3214889,0.698000014
39,Chinamba,Botswana,0.076787544,0.007,0,0.128560649,5.926208729,1.697445647,0,0.002042438,0.638451633,91.6,1,0,547.0197759,0.000783396,70.53921398,0.698000014
40,West Okavango,Botswana,0.076704526,1.348,0.366,0.077506396,8.312343418,1.500952354,0.019191912,1.240607259,0.638451633,91.6,0.955910295,0.428827203,380.8667959,0.377943302,65.4951923,0.698000014
41,NG15,Botswana,0.059737849,0,0.002,0.051795888,5.511417673,2.703111663,0.210982174,1.39887997,0.638451633,91.6,0.919871948,0,448.5089837,0.759132224,62.08477983,0.698000014
42,Chobe Savuti,Botswana,0.075677675,0.003,0.004,0.124565173,6.845820936,2.184407702,0.003490819,0.049459206,0.638451633,91.6,0.944570893,0,532.4833825,0,64.07192779,0.698000014
43,NG11 and 10,Botswana,0.088860115,1.372,0.271,0.08194288,7.355280606,1.312908471,0.020838723,1.85379541,0.638451633,91.6,1,0.210998266,426.6964095,0.163984684,61.34159699,0.698000014
44,Nogatsaa,Botswana,0.087980112,0.01,0,0.108494675,8.761878471,1.755357669,0,0.004536097,0.638451633,91.6,1,0.374347019,490.1081313,0,66.38981053,0.698000014
45,CH1,Botswana,0.080314119,0,0.004,0.077033949,7.733217693,3.289466653,0.028338018,0.57132442,0.638451633,91.6,0.418508509,0,512.867335,0.109830718,61.57408789,0.698000014
46,CH2 Chobe FR,Botswana,0.084889217,0.005,0.155,0.202531577,6.2794543,2.486995452,0.000817443,3.825412347,0.638451633,91.6,0.740452997,0.178770399,498.7526722,0.062385219,74.61676444,0.698000014
47,Chobe River,Botswana,0.086447319,0.086,0.001,0.310968407,5.979059228,3.90346281,0.153939609,9.512950221,0.638451633,91.6,0.638786211,0.194518674,426.8371096,0,67.96667948,0.698000014
48,NG14,Botswana,0.06255207,0.002,0,0.063419602,5.510262509,2.41118696,0.027294436,0.551119455,0.638451633,91.6,0.85165333,0.174466488,465.6928031,0.248302595,62.26054217,0.698000014
49,NG13,Botswana,0.080526465,0,0.001,0.105553833,4.906853872,1.183797636,0,0.003319672,0.638451633,91.6,1,0,463.430088,0.223296964,62.19109119,0.696187513
50,Ngwasha and Sepako,Botswana,0.067799264,0.095,0.029,0.153006197,6.81868414,4.926971074,0,0.016687251,0.638451633,91.6,0.463623835,0.415866338,382.4629426,1.380846317,59.85969514,0.693450013
51,Kalahari Gemsbok National Park,South Africa,0.108593697,0,0.003,0.162720949,6.132811938,0.107136875,0,0,0.13887075,63.2,0.564042117,0.298004901,178.4064114,0,51.41384981,0.691784422
52,Mokala National Park,South Africa,0.149783345,0.105,0.007,0.700163723,12.13010794,7.170443448,0,0,0.13887075,63.2,-6.66E-16,2.341034825,362.4215249,0,52.60378409,0.690954447
53,Sibuyu and South Pandamatenga,Botswana,0.083514659,0.057,0.001,0.142434784,7.612147878,3.383598334,0,0.011839422,0.638451633,91.6,0.878927935,0.839146446,436.1082419,0.773867311,69.68501448,0.67980001
54,CH5,Botswana,0.104923933,0.063,0.006,0.127235603,25.85029064,1.810802236,0,0.002965771,0.638451633,91.6,0.944562485,0.548675557,496.1864524,0.234689472,60.1404903,0.678842115
55,Kasane FR,Botswana,0.05968401,0.157,0.822,0.243043208,6.221262458,3.765684112,0.389804948,0.756940178,0.638451633,91.6,0.957116642,1.360129088,556.4241081,0.495805775,68.31779234,0.661600006
56,Kruger National Park South,South Africa,0.111997359,0.249,0.036,1.227786998,11.50259345,91.55062565,0.048425168,0.275952308,0.13887075,63.2,0.298264567,0.757210138,632.6552151,0,65.112228,0.654169381
57,Kruger National Park central,South Africa,0.115511032,0.01,0.01,0.756333518,16.22238458,15.80831951,0.015334514,0.187237023,0.13887075,63.2,0.657654118,0.657436057,547.7994294,0,59.70431205,0.6468979
58,Kwando_namibia,Namibia,0.079162423,1.226,0.029,0.08723328,7.782763392,2.930601528,0.128901725,1.300285446,0.190705533,76.6,0.579343001,0.82,493.7379004,1.570036429,64.23122066,0.644142845
59,Buffalo_MahangoNP,Namibia,0.082907132,4.684,0.158,0.198529047,5.224073247,3.47432179,0.132486827,0.768694217,0.190705533,76.6,0.357878497,1.91,486.5918493,2.790912654,66.15111448,0.643624987
60,Salambala_Impalila,Namibia,0.065925329,0.693,0.535,0.068674952,11.84744463,5.44037258,0.4883635,36.20029508,0.190705533,76.6,0.269781889,1.43,566.8376314,4.868005735,58.02464102,0.643624987
61,Bwabwata,Namibia,0.092530614,0.153,0.009,0.104115311,5.623683621,0.751559539,0,0,0.190705533,76.6,0.859146163,0.7,493.8464545,0.972548617,65.59189715,0.64118366
62,khaun,Namibia,0.085925142,0.002,0,0.113488143,5.335318865,0.357309019,0,0.00511894,0.190705533,76.6,0.560424504,0.22,457.9094255,0,64.56783547,0.639999986
63,khauc,Namibia,0.114546116,0,0,0.193720905,6.509078591,0.210772906,0,0.000853157,0.190705533,76.6,0.718061555,0.81,435.0852052,0,63.18153706,0.639999986
64,khas,Namibia,0.118233872,0,0,0.286841982,7.239027958,0.371436687,0,0,0.190705533,76.6,0.517671503,0.64,425.8958417,0,66.09758101,0.639999986
65,klow2,Namibia,0.070439879,1.13,0.002,0.05821258,4.903549196,1.157602191,0,0.003412627,0.190705533,76.6,0.250607545,1.4,483.7836199,2.69269306,73.63804566,0.639999986
66,TS1,Namibia,0.121676159,0,0.001,0.198271888,9.275183993,0.390266607,0,0,0.190705533,76.6,0.161943141,0,411.3434253,2.09412765,65.58397723,0.639999986
67,TS2,Namibia,0.130570528,0,0,0.125909897,10.40343286,0.446145504,0,0.027301015,0.190705533,76.6,0.119057144,0.5,412.3519785,3.259653367,63.32333219,0.639999986
68,TS3,Namibia,0.134137128,0.001,0.001,0.277614976,10.95747414,0.500896977,0,0.003412627,0.190705533,76.6,-7.99E-15,1.53,396.3766187,2.461322317,65.65837026,0.639999986
69,TS4,Namibia,0.125478856,0.077,0.002,0.132759544,11.19743185,0.434841906,0.010511402,2.446000357,0.190705533,76.6,2.73E-14,1.35,395.9744162,2.099937543,62.16598065,0.639999986
70,TS5,Namibia,0.159218621,0.002,0,0.193444524,10.53467844,0.391000255,0.019145768,0.554820301,0.190705533,76.6,3.33E-15,3.06,380.0300914,3.255082822,59.63717645,0.639999986
71,TS7,Namibia,0.156834019,0,0,0.050172406,11.46257099,0.766612109,0.06790281,18.12275535,0.190705533,76.6,-1.24E-14,0,385.840133,27.21297113,54.62125874,0.639999986
72,TS6,Namibia,0.151171455,0.073,0.001,0.135203561,8.121132324,0.32784769,0.00330338,1.375173865,0.190705533,76.6,1.95E-14,0.76,398.6356998,1.311022541,59.45145292,0.639999986
73,Susuwe,Namibia,0.09597339,0.503,0.008,0.19362465,6.621645549,2.635439973,0.003411914,0.437479216,0.190705533,76.6,0.602481167,1.47,515.3384619,3.21677861,67.43225523,0.639999986
74,Zambezi_South,Namibia,0.072824163,1.586,0.07,0.05173044,10.07849565,4.519006839,0.225358889,6.167241719,0.190705533,76.6,0.106321318,0.42,517.8961734,1.821451838,65.40951798,0.639999986
75,Zambezi_North,Namibia,0.089508308,1.614,0.282,0.122526036,9.274249106,7.433211099,0.289442304,8.747848282,0.190705533,76.6,0.254027132,0.52,557.8571842,1.20074423,70.4746051,0.639999986
76,Etosha,Namibia,0.201496018,0.111,0.005,0.160729973,12.45580974,0.974261674,0.000687109,11.95879344,0.190705533,76.6,0.251893505,0.26,356.6094432,0.071728654,52.22502675,0.639999986
77,HiP,South Africa,0.14487636,0.087286119,0.005978501,2.500721604,11.75630369,89.01153776,0.095300141,0.612465743,0.13887075,63.2,0.02964752,8.45E-06,897.207001,2953.14722,66.8549496,0.635424137
78,Mountain Zebra National Park,South Africa,0.108435165,0.007,0.014,4.559731882,19.54679262,13.44279326,0.004175226,0.056018735,0.13887075,63.2,0.009038812,1.267882768,428.2389083,0,51.8678344,0.622322619
79,Addo Elephant Park,South Africa,0.118454,1.003,0.002,3.585024735,16.10591525,90.54606088,6.357448274,0.308571438,0.13887075,63.2,2.52E-07,1.450262937,751.3655497,0,71.98594696,0.622322619
80,Marakele National Park,South Africa,0.10195838,4.875,0.006,4.663113205,10.59843347,11.09463906,0,0,0.13887075,63.2,0.040405297,3.981657189,567.7111416,0,71.87277982,0.598941445
81,Kruger National Park North,South Africa,0.113799933,0.014,0.009,0.760431529,16.23382856,19.73732395,0.033614914,0.40544345,0.13887075,63.2,0.724988121,0.740142187,471.947684,0,63.15131194,0.587203063
82,Kruger National Park Far North,South Africa,0.153509575,0.021,0.001,0.715276363,19.27853934,21.7019555,0.003893876,0.285243434,0.13887075,63.2,0.522394286,0.726955835,448.4904549,0,70.59488406,0.585822077
83,KC,Zambia,0.057556199,0.234,0.002,0.43596043,10.41355717,6.744757146,1.055120298,1.590872563,-0.340949783,90.4,1,0.228079367,813.7316005,0.14745107,82.90021336,0.578999996
84,KA,Zambia,0.053111288,0.709,0.035,0.415510921,8.92594765,6.679055239,0,0.012496575,-0.340949783,90.4,0.676656978,0.09320797,805.7294057,1.74388313,90.39436764,0.578999996
85,KD,Zambia,0.0535988,0.191,0.002,0.486967049,11.96993071,5.806646025,0.233248517,0.269181454,-0.340949783,90.4,1,0.37042081,905.504416,0.335267418,83.66447497,0.578999996
86,KB,Zambia,0.052126215,5.441,0.127,0.630780386,10.11451871,9.189650462,0.501308982,0.566515482,-0.340949783,90.4,0.805172898,0.376208079,842.749583,2.649153638,90.45833937,0.578999996
87,LC,Zambia,0.057235112,3.944,0.08,0.555427927,13.20868663,9.896261066,0.007235219,1.138799413,-0.340949783,90.4,1,0.191948,868.2300613,0.436881526,71.0795614,0.578999996
88,LA,Zambia,0.046900311,1.822,0.004,1.608329292,10.33003669,7.292516229,0.000196614,0.19768004,-0.340949783,90.4,0.820086119,0.044001255,883.6382331,0.007896509,89.85731038,0.578999996
89,LB,Zambia,0.058538616,1.664,0.119,0.890005568,11.96729721,18.12003209,0.000530288,0.245961332,-0.340949783,90.4,0.951911433,0.447092876,872.3319651,1.333415956,77.68812477,0.578999996
90,LD,Zambia,0.064203584,0.106,0.004,1.172887584,7.630504499,18.84539958,0,0.011637383,-0.340949783,90.4,0.594348556,0.136191061,866.2231632,0,85.4309377,0.578999996
91,SIA,Zambia,0.081196692,0.055,0.014,0.061974752,12.91644942,6.31249247,0,0.177638916,-0.340949783,90.4,0.999233918,0.288928621,603.8047818,0,69.83862562,0.578999996
92,SIB,Zambia,0.090862674,0.267,0.039,0.10243176,12.4919944,5.182886437,0.003349664,0.357174859,-0.340949783,90.4,0.955568643,0.354581838,573.1495016,0.056750151,71.42176777,0.578999996
93,Liuwa_plain,Zambia,0.047729229,0.12260503,0.041351993,0.07595463,13.77651442,6.099145724,0.013052999,9.99399324,-0.340949783,90.4,1,0,938.3734248,512.45648,56.16891201,0.578999996
94,Lzam,Zambia,0.071245213,3.061,0.212,1.295368708,12.10099173,18.96550752,1.523730436,1.485724767,-0.340949783,90.4,0.913897723,0.631964278,663.8229567,1.664657401,80.13607015,0.569242421
95,151,Kenya,0.095114526,1.704,0.029,0.145810005,23.44276537,30.6675752,15.29625405,3.816763935,-0.7143295,53.5,0.429800072,0.616261037,939.7018886,10.37156897,63.16358604,0.555000007
96,152,Kenya,0.085563993,9.72,0.041,0.31681987,20.35484694,32.22059274,29.2100218,1.702828592,-0.7143295,53.5,0.566573308,0.535415256,1141.935847,9.441967959,70.12636372,0.555000007
97,153,Kenya,0.108582962,0.195,0.171,0.17350674,24.20548825,23.35981441,0.072612133,1.881940851,-0.7143295,53.5,0.668024476,0.880481156,807.154122,26.47047697,64.18382193,0.555000007
98,154,Kenya,0.101803005,5.45,0.035,0.114581698,25.53526334,30.62500508,0.259592201,4.076262307,-0.7143295,53.5,0.999999996,0.722800085,935.4434906,16.83846196,72.02391048,0.555000007
99,155,Kenya,0.084539593,10.414,0.089,0.155756797,23.19114983,27.69800041,0.502502747,0.991804265,-0.7143295,53.5,0.999834971,0.835762209,1088.112183,14.22660286,72.29769945,0.555000007
100,156,Kenya,0.074897963,16.221,0.21,0.153497074,20.26557105,31.8720722,34.9291787,2.238903773,-0.7143295,53.5,0.478512957,0.983255614,1044.958972,21.26653003,61.54567227,0.555000007
101,157,Kenya,0.112819194,1.151,0.031,0.114902169,24.00461632,27.05772036,0.000137004,2.064448314,-0.7143295,53.5,0.557932609,0.839296162,745.2857069,19.34283394,63.51865355,0.555000007
102,158,Kenya,0.081660543,0.298,0.004,0.186297848,23.72606364,19.98518803,0.00012832,1.027652335,-0.7143295,53.5,0.999999996,0.048237693,804.3214897,16.84112103,74.8209707,0.555000007
103,159,Kenya,0.068630183,0.008,0,0.14247284,23.57395543,13.21731504,0,0.015213522,-0.7143295,53.5,1,0.176483535,896.7120706,7.892300029,84.63157612,0.555000007
104,160,Kenya,0.078303731,4.513,0.014,0.135754483,21.82648026,23.38550003,10.39613198,1.20470047,-0.7143295,53.5,0.552669397,0.687703771,908.087843,16.70918638,72.04120434,0.555000007
105,162,Kenya,0.094556368,0,0,0.167778355,24.6640414,27.58907225,0.00041313,0.172804442,-0.7143295,53.5,0.843664713,0.084456953,708.5945786,39.96508492,68.22838766,0.555000007
106,163,Kenya,0.083133427,0.016,0,0.14269956,22.58992555,14.87457163,0.00041313,0.012402989,-0.7143295,53.5,0.999999949,0.32923959,755.7525779,23.9380856,75.85520734,0.555000007
107,164,Kenya,0.078754328,0.008,0,0.152285793,21.49971014,6.65731903,0,0.068780335,-0.7143295,53.5,0.700429883,0.85214999,777.4391912,25.6454914,86.45300256,0.555000007
108,165,Kenya,0.065381234,0.68,0,0.233491474,22.52635989,8.718989551,0.840882712,0.716537027,-0.7143295,53.5,0.814329461,0.435836974,772.0669674,7.074260513,94.13551829,0.555000007
109,167,Kenya,0.079357578,0.015,0.016,0.067171313,26.77517457,24.61223373,0.00247878,0.010094526,-0.7143295,53.5,0.707414964,0.589179678,627.6151288,39.40680217,64.41347564,0.555000007
110,168,Kenya,0.069504484,0.017,0,0.101747144,23.9369107,11.7206306,0,0.003614432,-0.7143295,53.5,0.935301347,0.141863007,641.6390529,37.45109795,83.45738514,0.555000007
111,169,Kenya,0.058192843,0.041,0,0.125628663,22.78389262,5.063175484,0.000524732,0.011522732,-0.7143295,53.5,0.797253227,0,650.578743,17.9682528,93.84957788,0.555000007
112,171,Kenya,0.06155025,0.019,0.017,0.165118035,20.59041084,15.56035603,0.000982535,0.011095151,-0.7143295,53.5,0.556829644,0.403816475,558.4029346,42.68660127,70.41707743,0.555000007
113,166,Kenya,0.075768286,2.758,0.008,0.484681549,23.51917494,8.934789096,26.07596347,1.210900602,-0.7143295,53.5,0.695085794,1.100444557,741.2198548,16.03945263,80.34167128,0.555000007
114,170,Kenya,0.062808066,0,0,0.075482993,28.98316252,17.86582556,0.000983256,0.01419329,-0.7143295,53.5,0.630256122,0.553658663,558.1779681,42.40996376,62.46770843,0.555000007
115,161,Kenya,0.076266402,10.832,0.142,0.152778276,21.49813598,23.16670383,39.69103222,3.089604078,-0.7143295,53.5,0.197551176,0,891.8407138,12.4217736,69.18149845,0.555000007
116,Amboseli Medium North,Kenya,0.14141525,5.77,0.004,0.868024691,20.09886677,22.32247708,0,0.009872887,-0.7143295,53.5,0.260081902,0.600854379,867.8331315,9.980618879,55.64443488,0.555000007
117,Amboseli High Core,Kenya,0.129167653,12.898,0.086,0.926181401,26.78800605,41.86011992,0.037046131,0.555490294,-0.7143295,53.5,0.68366145,0.796888259,462.6813662,12.35276541,53.89593702,0.555000007
118,Tsavo High Core,Kenya,0.13115415,0.525,0.019,1.060930067,14.25208189,18.07084369,0.000284606,0.346340655,-0.7143295,53.5,0.823345029,0.619716652,831.1978842,0,57.44263388,0.555000007
119,Tsavo Low West,Kenya,0.122812423,25.894,0.115,1.672714393,26.5436417,56.17010741,0.000726078,0.145212895,-0.7143295,53.5,0.729859342,0.707417686,845.0716829,3.525150122,61.81321794,0.555000007
120,Tsavo Medium North,Kenya,0.135313733,0.339,0,0.777474549,13.29720975,11.99564327,0.000299837,0.199307879,-0.7143295,53.5,0.860210562,0.312617015,858.2545613,0.055524333,60.9932861,0.555000007
121,Tsavo Low East,Kenya,0.106518804,0.039,0.017,0.459606508,14.50665082,22.22227314,0.013119555,0.105368277,-0.7143295,53.5,0.424181469,0.307881242,777.537522,7.739592725,59.38519912,0.555000007
122,Milgis River,Kenya,0.065275492,0.333,0,4.038490162,14.18547009,7.181527883,0.000453949,0.003720699,-0.7143295,53.5,0.314243749,0.265513084,557.7394954,41.80033903,63.28234804,0.555000007
123,Meru,Kenya,0.099905976,3.613,0.01,0.667848297,23.80238288,116.5133585,0.44049043,0.258279627,-0.7143295,53.5,0.655059921,0.268203379,609.5854934,1.833207634,65.19584809,0.555000007
124,SouthHigh,Kenya,0.108792732,28.222,0.061,2.576705139,30.25587193,111.0110644,0.018653923,0.044465829,-0.7143295,53.5,0.30583657,0.832152248,1296.95547,45.39248274,57.52412985,0.555000007
125,WestBHigh,Kenya,0.117342924,1.435,0.011,0.981491558,28.16136925,43.72176585,0.063293327,0.054851157,-0.7143295,53.5,0.830181119,0.442748205,827.0119773,5.863520043,57.78744223,0.555000007
126,WestAHigh,Kenya,0.120210082,1.727,0.026,1.014572636,25.31897776,57.1603125,0.059802329,0.072208873,-0.7143295,53.5,0.545788939,0.690377238,894.9670739,18.0729278,58.15676353,0.555000007
127,WestLow8km,Kenya,0.138495347,0.365,0.059,1.662529829,28.35173648,33.28320086,0.027650211,0.114813608,-0.7143295,53.5,0.371821381,0.805521967,755.2385138,22.78171041,63.1434728,0.555000007
128,West Low,Kenya,0.121217313,15.28,0.075,1.011462197,28.43763998,89.71376273,0.088378678,0.075680884,-0.7143295,53.5,0.574696832,0.677807247,861.4582582,12.72111591,58.60755304,0.555000007
129,EastLow8km,Kenya,0.090659132,0.034,0.015,0.945499609,20.91642943,16.71651131,0.000298519,0.12133129,-0.7143295,53.5,0.45963729,0.493541454,606.8578225,1.843200411,52.64706871,0.555000007
130,CentralHigh,Kenya,0.086329214,2.005,0.243,1.320975748,16.22912424,28.58724779,0.023809897,0.309593032,-0.7143295,53.5,0.372905209,0.704599673,676.010386,2.835442265,56.30285337,0.555000007
131,EastHigh,Kenya,0.078427496,0.003,0.005,0.932680242,14.13506525,9.783651043,0,0.050708397,-0.7143295,53.5,0.879225966,0.402436833,602.9483909,1.841582779,53.64478628,0.555000007
132,MarsabitB,Kenya,0.17107235,2.859,0,1.88146378,33.21652844,15.93589013,0,0,-0.7143295,53.5,0.726069822,0.531065445,776.9791265,0,74.46196543,0.555000007
133,KerioValley,Kenya,0.069653196,16.447,0,1.044941106,16.8474059,136.8755403,0.016163232,0.419007866,-0.7143295,53.5,0.029567129,0.351021051,1014.1051,699.8700435,72.05729837,0.555000007
134,Turkana,Kenya,0.090186965,0.02,0.134,0.580200927,14.1686363,25.10674682,0,0.066835435,-0.7143295,53.5,0.565398836,0.691374837,603.9980614,115.6207196,54.50281041,0.555000007
135,Nasalot,Kenya,0.090835866,0.364,0.059,0.668257217,13.95924574,33.95989906,0,0.142203329,-0.7143295,53.5,0.678387677,0.988403543,640.390856,626.8069362,60.79236193,0.555000007
136,Mwea,Kenya,0.150813115,86.091,0.015,1.017260413,22.19687771,124.2429924,10.61104145,1.847564631,-0.7143295,53.5,0.200893194,3.129667103,918.192115,407.9571436,53.4646557,0.555000007
137,Tsavo Medium South,Kenya,0.123821213,3.707,0.014,0.957002119,12.98247278,48.86588675,0.352800029,0.120987739,-0.7143295,53.5,0.49769613,0.388871859,719.1985224,1.022451834,56.58264501,0.554787618
138,Mana I,Zimbabwe,0.101631305,4.219,0,0.339632175,12.59901203,21.14473869,4.666087923,2.354368631,-1.593466333,87,0.983153667,0.722289385,650.6749159,0,70.59901932,0.547499985
139,MucussoLuianaNamBorder,Angola,0.07937951,0.001,0,0.075675211,6.41817209,1.778526901,0,3.74E-05,-1.211364667,39.3,0.994217637,0.289547016,526.9744644,0.219739579,70.60157184,0.541734686
140,Sapi North,Zimbabwe,0.06846412,1.301,0,0.835359064,9.652583142,16.05276343,3.589315921,1.68524222,-1.593466333,87,0.999715894,1.191271284,663.1198632,10.70700794,72.65973172,0.541199982
141,Kwando_angola,Angola,0.074388037,0.041,0.002,0.107678585,8.664944014,2.986372663,0.002970857,0.50759414,-1.211364667,39.3,0.97043295,0.506884849,564.3974753,0.316363271,70.68979376,0.53932608
142,Kwando5km,Angola,0.051547978,0.051,0.001,0.072629427,7.316836836,2.798982504,0.000104428,0.328255049,-1.211364667,39.3,0.574992287,0.643367341,602.7586839,0.456613298,71.89097246,0.538111104
143,Cuito-Okavango,Angola,0.096881619,1.263,0.01,0.266875055,7.027877732,5.386075226,0.126840514,1.535488851,-1.211364667,39.3,0.432233852,0.680914907,505.823231,0.315677835,65.20075315,0.534698405
144,Mavinga,Angola,0.06271842,0.081,0,0.426310247,8.066980815,1.356064565,0.000606823,2.067685207,-1.211364667,39.3,0.527297836,0.448088138,751.2356588,0.442480698,72.60721957,0.532999992
145,Stefans Game Reserve,Angola,0.06265811,0,0,0.370849413,5.099017872,2.733806532,0.000547208,0.118851038,-1.211364667,39.3,1.33E-15,0,631.8861267,0.616916003,72.35491351,0.532999992
146,Likuwa Core,Angola,0.084182934,0.019,0,0.178726443,6.738786365,0.911328153,3.45E-05,0.028425247,-1.211364667,39.3,1,1.385433356,574.4972814,0.644669263,71.37285946,0.532999992
147,Likuwa10km,Angola,0.070961528,0.021,0,0.191173177,4.972266024,0.88732243,0,0.030012364,-1.211364667,39.3,0.601824281,0.523111287,574.4234507,0.258372421,71.82399892,0.532999992
148,Western Luiana,Angola,0.068553106,0,0.001,0.057878018,5.378689644,1.136123725,0,0.001065201,-1.211364667,39.3,0.924532088,0.083147212,536.1915804,0.691385592,73.58506316,0.532999992
149,Likuwa,Angola,0.055093017,0.004,0,0.112685135,6.766366897,1.210377681,0.000238888,0.528805875,-1.211364667,39.3,0.835198833,0.702221502,571.0261405,0.441521192,77.16689144,0.532999992
150,Mikumi National Park,Tanzania,0.089128114,5.58,0.093,1.923689051,12.92479422,27.23256998,0.022599585,0.081751876,-0.461082533,70.7,0.220428673,0.3,1192.461993,0.061167588,100,0.531000018
151,SelousGR,Tanzania,0.079366138,0.967,0.005,1.195091664,11.06255037,6.605087593,0.174630121,0.761461254,-0.461082533,70.7,0.350491979,0.03,1208.323566,0.481462727,89.61617727,0.531000018
152,Selous_Niassa_Corridor,Tanzania,0.066851158,0.683,0.12,1.291777102,8.239889782,9.493687533,0.062362739,0.202355647,-0.461082533,70.7,0.254213328,0.08,1139.318161,0.809286232,90.59392227,0.531000018
153,NgarambeTapikaWMA,Tanzania,0.099178738,0.424,0.034,1.066725327,11.84271503,7.789532177,0.193735591,0.952146309,-0.461082533,70.7,0.578744257,0.49,1101.887825,2.04710215,85.4811307,0.531000018
154,KilomberoGCA,Tanzania,0.084968592,33.404,0.864,0.139674089,17.72808701,42.4014666,0.176666168,8.04973326,-0.461082533,70.7,0.169846343,0.19,1375.533793,1.273543925,60.43081462,0.531000018
155,TarangireNP,Tanzania,0.111718213,26.684,0.046,0.950049452,19.59177807,28.8309943,0.079617882,1.956734439,-0.461082533,70.7,0.431202645,0,787.1255324,0.991862948,58.15234451,0.531000018
156,Simanjiro,Tanzania,0.118623727,44.047,0.064,1.002984552,21.15401441,12.35774732,0.010385,0.095394684,-0.461082533,70.7,0.224202879,0.02,731.4725282,4.50471088,58.95754061,0.531000018
157,Lolkisale,Tanzania,0.105636929,34.612,0.054,1.386879052,20.02310937,20.82609428,0,0.019293307,-0.461082533,70.7,0.536987272,0,805.871849,25.03517232,53.7480695,0.531000018
158,Mkungunero,Tanzania,0.127081818,56.163,0.469,0.83083321,17.75869789,32.64718378,0.004066622,0.442305812,-0.461082533,70.7,0.02968964,0,730.3345124,15.23000679,56.29455978,0.531000018
159,MakameWMA,Tanzania,0.089093738,20.673,0.079,0.807676067,14.9970833,11.64672748,0,0.189717517,-0.461082533,70.7,7.22E-15,0.64,640.4048369,4.546777567,67.57243286,0.531000018
160,KwaKuchinja,Tanzania,0.099423101,11.209,0.777,0.438607598,27.39910192,48.16780006,13.53856964,12.61716017,-0.461082533,70.7,0.073989428,2.46,755.1438134,31.12293959,53.79685878,0.531000018
161,BurungeWMA,Tanzania,0.091229057,12.19,0.404,0.263541287,19.64056648,52.49275394,21.39431445,17.2892221,-0.461082533,70.7,0.063508012,1.56,799.4011104,31.72595512,55.1403575,0.531000018
162,LakeManyaraNP,Tanzania,0.119142098,6.067,0.794,0.100902134,27.52309142,66.92280762,66.42999824,19.46849619,-0.461082533,70.7,0.320286152,0,741.7467976,0,53.61052409,0.531000018
163,Kibaoni,Tanzania,0.069710657,17.988,2.198,0.797945838,16.97315436,68.32472201,0.154660775,6.108803472,-0.461082533,70.7,0.112880477,5.62,873.5070371,171.0303901,60.42518307,0.531000018
164,MtoWaMbu,Tanzania,0.110580998,6.477,0.407,2.223956606,29.104763,35.233077,0.526220379,4.899536183,-0.461082533,70.7,0.151283469,0.24,708.283146,24.70059531,53.23100175,0.531000018
165,Zambezi NP,Zimbabwe,0.070298997,0.41,0.019,0.94634053,10.34591989,61.06858028,0.988592637,1.42267233,-1.593466333,87,0.558036192,0.436981582,603.0934201,0.748668865,80.04162637,0.524999976
166,Dzivanini,Zimbabwe,0.064277537,0.033,0,0.144601883,7.062961973,6.421715484,0,0.007292495,-1.593466333,87,0.801515419,0.55988757,426.4212561,0.116947524,63.55847491,0.522999974
167,Hurungwe,Zimbabwe,0.094832709,2.195,0.003,0.503421684,11.00621637,26.39895143,1.0308367,0.562989714,-1.593466333,87,0.910876985,0.46540867,634.4304987,2.781475099,75.35898921,0.519937474
168,Faro,Cameroon,0.04176147,1.971,0.001,1.083121559,15.19417129,14.95094782,0.000968342,0.841797532,-1.01845035,48.6,5.77E-15,0.16,1457.501787,0.101055352,66.00153311,0.518000007
169,Benoue_all,Cameroon,0.039467976,2.898,0.007,1.236191015,10.51508979,23.5123828,0,0.299950845,-1.01845035,48.6,0.229360769,1.22,1385.131049,0.22020539,70.47344787,0.518000007
170,Mana II,Zimbabwe,0.084542886,2.82,0.001,0.511748411,11.37410948,22.17718825,0.088493711,0.051224684,-1.593466333,87,1,0.644146634,649.3555532,0.424261916,75.44412294,0.515999973
171,Chisunga,Zimbabwe,0.079645185,9.999,0.006,0.791194857,11.10014023,22.27655411,0.00055574,0.358558623,-1.593466333,87,0.773040612,0.579769821,631.7932936,8.443094463,67.97413184,0.515999973
172,Kadze East,Zimbabwe,0.078868936,26.152,0.003,0.339955392,13.4259482,24.89295599,0,0.255982838,-1.593466333,87,0.447735654,0.655473126,697.3785839,14.09432005,59.91086197,0.515999973
173,Hurungwe I,Zimbabwe,0.068374599,2.18,0,4.151671806,11.26521133,27.96233015,0.177306074,0.285097616,-1.593466333,87,0.833736597,0.507864802,680.5266748,3.420212917,72.19564653,0.515999973
174,Marongora (Hurungwe II),Zimbabwe,0.065266172,7.205,0,3.990819175,10.11322107,21.01098784,0.004433103,0.021826458,-1.593466333,87,0.95996017,0.9021748,692.0852072,8.383703457,67.86259151,0.515999973
175,Mana Escarpment,Zimbabwe,0.089096087,4.213,0,3.557697367,10.3296748,21.56733985,0,0.005871557,-1.593466333,87,0.970400384,0.744715231,702.5401528,0.84547708,69.14210433,0.515999973
176,Chewore IV Escarpment,Zimbabwe,0.069168439,1.308,0,4.054234564,10.01564987,21.8081231,0,0.034973097,-1.593466333,87,1,0,686.4605047,6.950768345,74.68281285,0.515999973
177,Chewore II Hills,Zimbabwe,0.074395827,1.692,0,5.347941027,11.22346534,18.57366776,0.416546614,0.178707822,-1.593466333,87,0.998675811,0,663.9436993,2.162612864,76.07110439,0.515999973
178,Mukwiche,Zimbabwe,0.0756229,0.55,0,3.411117767,10.48717949,21.93766701,0.000555001,0.069453739,-1.593466333,87,0.732900515,0,729.936268,6.17869997,79.84920992,0.515999973
179,Kanyurira Highlands,Zimbabwe,0.074909596,10.668,0,3.230629146,11.04782237,22.2375816,0,0.189875767,-1.593466333,87,1,0,721.922061,27.53051214,63.87245019,0.515999973
180,Doma,Zimbabwe,0.071197404,0.713,0,3.867939906,9.96645768,26.0152392,0.008498162,0.05004092,-1.593466333,87,0.500398795,0.807548569,738.8074976,4.771182071,80.5271344,0.515999973
181,MWA high density,Zimbabwe,0.060510905,1.03,0,5.2413199,10.06688044,41.00800817,0.013711471,0.061257513,-1.593466333,87,0.658592725,0.389353616,802.6588845,16.75284328,91.99872346,0.515999973
182,MWA low density,Zimbabwe,0.067108305,4.827,0,7.034376901,12.34081532,39.08447819,0.005516725,0.015169473,-1.593466333,87,0.55615578,0.280921618,804.0287725,21.5236262,79.44053581,0.515999973
183,Sapi South,Zimbabwe,0.069938142,0.327,0,0.798670128,10.56336478,19.88444308,0,0.001399843,-1.593466333,87,1,1.139301304,658.9481246,3.073908782,77.31208566,0.515999973
184,North Charara,Zimbabwe,0.070492913,4.668,0.1,2.248420616,11.51647693,25.60471483,2.617594488,1.630366334,-1.593466333,87,0.981979045,0.922832827,700.9122738,3.700415551,70.81874742,0.515999973
185,South Charara,Zimbabwe,0.063177267,1.28,0.001,3.200403198,11.33708092,22.87084322,2.52382939,1.954653059,-1.593466333,87,0.873162557,0.451666798,717.420402,1.954278545,75.6103605,0.515999973
186,Rifa,Zimbabwe,0.069614235,1.632,0.042,0.877503995,11.37049725,35.30966309,1.146610632,0.601138058,-1.593466333,87,0.653530388,1.059863615,640.2983545,4.714031702,79.4718111,0.515999973
187,Chewore I,Zimbabwe,0.062994517,0.569,0,1.738938197,10.29827328,18.92457166,0.355378941,0.184412533,-1.593466333,87,1,0.193656774,699.2919933,4.55106379,72.19458508,0.515999973
188,Kanyurira,Zimbabwe,0.080275849,7.665,0,1.023203799,10.26937046,22.03028478,0,0.598878547,-1.593466333,87,1,0,705.1985143,27.96373639,67.07512983,0.515999973
189,Chewore III,Zimbabwe,0.067636866,1.103,0.001,0.91399854,10.82797283,21.75437213,0,0.124408489,-1.593466333,87,1,0.66105699,706.7926644,4.165035623,71.36579076,0.515999973
190,Chapoto,Zimbabwe,0.0517388,5.122,0,1.701877399,9.423171003,16.01519434,0.961064635,0.834611204,-1.593466333,87,0.905569826,0.35206211,472.4749527,14.27880703,67.87229186,0.515999973
191,Kadze West,Zimbabwe,0.081978526,8.662,0.002,0.414757125,12.77077847,21.24946818,0.000686507,0.157351066,-1.593466333,87,0.897204185,1.044265642,688.4799227,16.59553047,64.23401189,0.515999973
192,Dande,Zimbabwe,0.068096839,0.818,0,1.373228429,10.21832986,20.81921772,0,0.238642423,-1.593466333,87,0.971577627,0.543241008,689.8435113,7.006170765,72.71975647,0.515999973
193,Matusadona East,Zimbabwe,0.047631561,2.082,0,0.713938239,10.22634172,4.914901913,10.7017318,8.093380604,-1.593466333,87,1,0.946809643,667.2521967,0,66.39118092,0.515999973
194,Gatche Gatche,Zimbabwe,0.055194175,6.655,0,1.143193728,12.11555169,7.048639873,8.14038993,10.84565394,-1.593466333,87,0.940100801,2.737076222,691.128905,39.8132065,72.97606128,0.515999973
195,Chireya North,Zimbabwe,0.044086046,37.048,0,1.042095854,7.584012813,29.40296083,0,0.003281865,-1.593466333,87,0.930770864,1.276560883,518.6672824,19.41064394,68.37527975,0.515999973
196,Nenyunga,Zimbabwe,0.049639782,6.899,0,2.072455877,9.091702504,27.27755737,4.69E-05,0.03390154,-1.593466333,87,1,0.883727657,662.3658006,19.72189533,75.91695324,0.515999973
197,Matusadona West,Zimbabwe,0.062807133,1.717,0,0.985827492,9.736694678,6.626013463,5.437845776,5.592195951,-1.593466333,87,0.999946484,2.838305141,666.5118336,0,67.30534199,0.515999973
198,Mwenda,Zimbabwe,0.058142253,9.254,0.003,1.818985908,10.56594866,9.114195064,4.275284063,5.09262603,-1.593466333,87,0.923921494,0.511075825,664.4604752,7.079364304,72.0912837,0.515999973
199,Sibilobilo,Zimbabwe,0.074293602,5.898,0.035,1.08628994,12.65405789,8.09595159,9.925635271,5.712263081,-1.593466333,87,0.902272093,0.249088254,668.2750667,2.571645339,65.49462247,0.515999973
200,Sampakaruma,Zimbabwe,0.048298934,10.671,0.001,1.494449937,8.099835921,18.85589726,0.001683819,0.057643073,-1.593466333,87,0.999406079,0.668966325,682.9486191,2.086127454,72.30396089,0.515999973
201,Kanyati Highlands,Zimbabwe,0.050853599,1.819,0,3.524958069,10.56147125,10.82914801,1.80635327,1.303494659,-1.593466333,87,0.967312727,0.158829761,707.1128144,1.719511774,75.40278564,0.515999973
202,Sijarira FA,Zimbabwe,0.06493463,1.213,0,1.283941801,7.005826657,14.33575497,6.169365659,1.754675652,-1.593466333,87,0.936163213,0.664439211,667.79439,16.23672578,73.47758354,0.515999973
203,Matusadona Highlands,Zimbabwe,0.050705219,0.556,0,3.935276647,9.825125753,9.588576133,0.88891228,0.446945628,-1.593466333,87,0.981526298,0.097417652,699.8166026,0.098762202,78.28529754,0.515999973
204,Siabuwa West,Zimbabwe,0.059174442,27.669,0,1.780424249,7.636930269,13.60880847,0,0.012507679,-1.593466333,87,1,0.782431296,645.784506,15.03497966,67.26292917,0.515999973
205,Chizarira West,Zimbabwe,0.061698922,1.175,0,2.142583217,8.936322049,14.17984709,0,0.00101195,-1.593466333,87,0.995002447,0.624608716,650.536401,1.079657497,77.93987021,0.515999973
206,Siabuwa East,Zimbabwe,0.052359216,18.166,0.002,1.954130837,8.646354996,16.31509125,0.004981712,0.056125977,-1.593466333,87,1,0.589420869,646.8066814,4.684388368,70.10049484,0.515999973
207,Chizarira East,Zimbabwe,0.060339739,0.301,0,2.434902081,9.928083075,20.92385065,4.55E-05,0.020202981,-1.593466333,87,1,0.046153161,517.4439055,0.652049282,85.24516861,0.515999973
208,Chete East,Zimbabwe,0.063867462,0.178,0,1.999673086,11.249001,12.27877984,3.851970812,1.072600368,-1.593466333,87,1,0,531.3997372,7.829728174,78.29934127,0.515999973
209,Chete West,Zimbabwe,0.056166619,1.352,0,1.731025757,7.692080378,12.96863766,3.322169434,0.975369622,-1.593466333,87,0.981305837,0.733296492,682.2157013,8.360474557,73.65703712,0.515999973
210,Mapongolas,Zimbabwe,0.05350112,2.907,0,3.422637629,12.7694859,9.078403975,0.080560121,0.596039466,-1.593466333,87,0.999153065,0.58425011,673.524717,4.458110378,72.96224964,0.515999973
211,Chireya South,Zimbabwe,0.063441666,45.672,0,0.953701868,11.19248508,38.33404945,0.000687229,0.015142132,-1.593466333,87,0.556371978,0.476086542,689.639365,10.73866973,62.84138796,0.515999973
212,Negande,Zimbabwe,0.049206139,1.737,0.008,1.954820765,8.402696314,15.81334718,0.004263628,0.012799534,-1.593466333,87,1,0.86085804,665.8367967,3.024703944,72.11412752,0.515999973
213,Chirisa Gadzi,Zimbabwe,0.069684429,5.501,0,1.07293151,7.850176857,35.6911769,0.001405555,0.016903448,-1.593466333,87,0.731445502,0.909388327,672.6732175,12.62518957,71.49263678,0.515999973
214,SWRA,Zimbabwe,0.070626429,5.33,0,1.336540332,9.681742044,30.14660045,0,0.002257299,-1.593466333,87,0.55147295,0.519217729,606.6583963,15.0674099,68.55020998,0.515999973
215,Busi,Zimbabwe,0.065487738,2.08,0,0.89276223,10.69630566,23.54626227,0,0.000341827,-1.593466333,87,0.994753222,0.975371736,781.1208007,4.931347045,76.65923988,0.515999973
216,Chirisa Sengwa,Zimbabwe,0.065751941,4.018,0,1.351271145,8.662441527,30.68279066,0,0.005480423,-1.593466333,87,0.95687818,0.574127279,640.9329901,18.6725446,72.088747,0.515999973
217,Simchembo,Zimbabwe,0.060487527,56.328,0.012,0.991830112,13.3151054,30.73029809,4.69E-05,0.025212457,-1.593466333,87,1,0.916823741,643.9657778,22.6449043,59.45250282,0.515999973
218,Lusulu,Zimbabwe,0.065422027,29.467,0.004,1.20651381,9.446486738,17.32176,0.001111008,0.006869673,-1.593466333,87,0.998927969,1.362247501,601.1077185,13.03480023,67.58725351,0.515999973
219,SVC South West,Zimbabwe,0.149603696,44.624,0,0.761127819,14.57883636,32.93634059,0.008985461,0.139187377,-1.593466333,87,0.623412603,0.489807355,548.318572,7.431931492,69.40235279,0.515999973
220,Chilojo B,Zimbabwe,0.104495362,0.081,0,0.935113791,12.37621812,15.87079061,0.011625162,1.882120881,-1.593466333,87,1,1.142368888,502.9526973,0,67.45708347,0.515999973
221,Chipinda Pools,Zimbabwe,0.139327716,0.625,0,1.161463682,18.93451307,24.19612469,0.033181455,1.834542022,-1.593466333,87,0.933592429,0,596.3882981,0,61.42288813,0.515999973
222,Mabalauta NP,Zimbabwe,0.078415775,0,0,0.687784616,12.09065765,18.24719694,0.007377294,0.322761208,-1.593466333,87,0.764696601,1.174241762,485.2090259,0,74.59892945,0.515999973
223,SVC North East,Zimbabwe,0.086122785,3.169,0,0.538412774,11.02396417,49.95009428,0.062773301,1.230281491,-1.593466333,87,0.518853152,0.563395419,445.5934563,10.66525743,67.9959256,0.515999973
224,Malapati,Zimbabwe,0.063822951,0.006,0,0.865851886,18.76576259,20.27829559,0.018452063,0.729251814,-1.593466333,87,0.79825227,1.394631263,461.2702589,16.53768437,81.72511456,0.515999973
225,Naivasha,Zimbabwe,0.106047769,0,0,0.777777007,12.01522134,15.88138702,0,0.000338463,-1.593466333,87,0.897885576,1.18500609,524.916345,0,75.24266549,0.515999973
226,Chilojo A,Zimbabwe,0.099675482,0,0,1.036935327,16.78920344,20.00848445,0.038299545,0.60901634,-1.593466333,87,0.688847862,1.055647229,708.2207587,0,69.46048807,0.515999973
227,SVC North West,Zimbabwe,0.100765874,2.953,0.009,0.839779073,10.99068924,39.66096536,0.021970052,0.159453274,-1.593466333,87,0.643133277,1.278024073,495.9156192,18.01721591,80.23247769,0.515999973
228,SVC South East,Zimbabwe,0.143149483,14.019,0.017,0.45794974,15.65335413,36.20113059,0.012163502,0.800708847,-1.593466333,87,0.443930841,0.570338946,514.7968759,5.388890804,73.15982231,0.515999973
229,Chitsa S,Zimbabwe,0.180593765,32.434,0,0.578599855,41.81942544,25.81127775,0,0.011370629,-1.593466333,87,0.781946364,0,608.1682418,0,57.52815246,0.515999973
230,Dandari,Zimbabwe,0.091486474,0.118,0,0.208905057,8.161854512,2.830007352,0,0.025354044,-1.593466333,87,0.999974102,0.818092445,495.0628029,0,72.67943945,0.515999973
231,Main Camp,Zimbabwe,0.084884784,0.073,0.047,0.195816014,6.529649394,3.354432581,0,0.003089953,-1.593466333,87,0.984074295,0.815541121,548.2391812,0,79.8087931,0.515999973
232,Central B,Zimbabwe,0.079077221,0.027,0,0.118660353,6.142784516,3.827370729,0,0.000524383,-1.593466333,87,1,0.273776617,501.5761928,0,74.64504515,0.515999973
233,Central A,Zimbabwe,0.086679511,0.007,0,0.176158735,6.288672351,4.559865012,0,0.000569572,-1.593466333,87,1,1.494658852,602.4086223,0,74.68217851,0.515999973
234,Maitengwe,Zimbabwe,0.083732961,1.275,0,0.116185897,16.00452253,13.38696895,0.000122674,0.071465153,-1.593466333,87,0.740934951,0.545574555,431.3975468,5.011746477,66.33739807,0.515999973
235,Panda Masuie,Zimbabwe,0.070861615,0.071,0,0.257071452,8.072069711,15.71029444,0.010101882,0.029741557,-1.593466333,87,0.824536799,0.514586275,568.8002263,1.71476329,77.15697197,0.515999973
236,Matetsi,Zimbabwe,0.087506052,1.271,0,0.828637191,29.81177736,4.356807228,0.002738732,0.013182698,-1.593466333,87,0.731341971,0.674057724,547.8310419,3.783778861,60.57418226,0.515999973
237,Zanguja,Zimbabwe,0.07566141,0.891,0,1.099633758,29.71659292,7.253185581,0.003836449,0.02245499,-1.593466333,87,0.829601174,0.338106326,560.671728,2.150373276,59.58329485,0.515999973
238,Robins,Zimbabwe,0.0953564,2.123,0,0.619658927,21.67211102,2.611637601,0.000723629,0.03513099,-1.593466333,87,0.920136271,1.169667717,517.1870976,0,63.91259965,0.515999973
239,Shakwanki,Zimbabwe,0.066824529,0.018,0,0.148469809,6.998574919,3.478364776,0,0.000255625,-1.593466333,87,0.90191116,0.848167106,439.6721295,0,66.60439847,0.515999973
240,Sinamatella,Zimbabwe,0.064392433,1.163,0.002,1.042343785,10.50551721,9.962376234,0.010187903,0.041324715,-1.593466333,87,0.855934228,0.770991463,535.449041,0.511193688,71.87373622,0.515999973
241,Mtoa,Zimbabwe,0.085717343,0.093,0.006,0.449761321,7.563139156,3.147454494,0,0.017638504,-1.593466333,87,0.907124889,1.002123779,545.082149,0.213415532,77.60571938,0.515999973
242,Shapi,Zimbabwe,0.083638303,0.028,0,0.152767034,6.81426225,2.890805447,0,0.002812559,-1.593466333,87,1,0.990634043,506.6674888,0,73.45256401,0.515999973
243,Ngamo,Zimbabwe,0.089141257,0.346,0,0.174465464,5.479964756,8.688881103,0,0.00480538,-1.593466333,87,1,0.957135489,524.050675,0,71.34590709,0.515999973
244,Tsholotsho North,Zimbabwe,0.086745446,11.811,0,0.171659821,6.058719906,12.8877457,0,0.001566628,-1.593466333,87,0.756419912,0.860835724,508.3238676,7.890780322,78.39247158,0.515999973
245,Kazungula,Zimbabwe,0.064094584,0.515,0.024,0.951654806,10.24905988,10.73019825,1.002073032,1.301271205,-1.593466333,87,0.740900713,0.977114166,584.2512502,3.805529476,78.44809479,0.515999973
246,Kazuma,Zimbabwe,0.104772706,0.802,0.002,0.30646849,19.07412445,2.411103839,0,0.00371034,-1.593466333,87,0.882259802,0.957102937,530.7272768,2.535319267,68.29280475,0.515999973
247,Rosslyn,Zimbabwe,0.078534684,3.442,0,0.530876365,25.44860315,2.508169048,0.000255399,0.008189138,-1.593466333,87,0.745910806,1.72452148,518.5589266,11.86340384,65.37176486,0.515999973
248,Tsholotsho East,Zimbabwe,0.068686552,1.449,0,0.105318248,8.742074337,11.54363205,0,0.008654988,-1.593466333,87,0.885024017,0.64790594,438.2256893,7.450122232,68.49564653,0.515999973
249,Ngamo Forest,Zimbabwe,0.094565428,0.523,0,0.329001439,6.150425532,10.96154811,0.015374494,0.022374194,-1.593466333,87,0.571397858,0.343972031,553.2761725,1.855571165,76.57425095,0.515999973
250,Sikumi Forest,Zimbabwe,0.074404762,0.119,0.027,0.447674675,5.674398533,6.357904012,0.000217536,0.010193774,-1.593466333,87,0.547561418,0.594673504,580.0083107,2.107379503,86.74991822,0.515999973
251,BoubaNP,Cameroon,0.042062265,3.719,0,0.819039949,10.15057892,21.80986528,0,0.057922619,-1.01845035,48.6,1.29E-13,0.25,1184.431737,0.048211306,64.80271385,0.513120006
252,Chefu,Zimbabwe,0.10974756,0.002,0,0.470982504,11.50416641,15.85962716,0,0.002491546,-1.593466333,87,0.792224388,0.301808723,638.4428998,0.49731789,76.00500868,0.507833309
253,Akagera,Rwanda,0.089440048,8.586,0.099,2.2311033,19.0022779,145.4529568,16.47053125,1.529620427,-0.160670267,57.4,-8.84E-14,0.93,1127.276145,0,63.80186126,0.497999996
254,KVCA,Uganda,0.045614494,1.011,0.004,2.23629857,27.72669815,32.5620135,0,0.000570773,-0.3711146,81.4,0.501631875,0.325810147,903.9770745,8.132682099,64.94114664,0.493000001
255,Ishasha,Uganda,0.038991374,12.092,0.016,0.800883701,25.92472813,167.8414325,12.90406858,0.150937565,-0.3711146,81.4,0.645083458,1.009203274,1119.900048,1.195571253,84.66722624,0.493000001
256,QENP North,Uganda,0.057397583,11.176,0.413,0.819572437,34.28084106,174.3858665,20.43149028,0.602013769,-0.3711146,81.4,0.362791867,0.537957997,1033.964886,1.541634488,71.46746031,0.493000001
257,MFNP,Uganda,0.030031758,13.206,0.163,0.988487978,16.25908559,93.67166959,3.499439258,0.706681937,-0.3711146,81.4,0.228439349,0.323296352,1366.45097,0.540253005,83.35481021,0.493000001
258,Liwonde NP,Malawi,0.089560243,4.671,0.032,0.5514915,15.70650512,222.9135269,4.17726801,1.476361794,-0.209145217,84.2,0.10457968,0.576842573,925.0898321,3.283317622,74.02492112,0.476000011
259,Kasungu NP,Malawi,0.061177179,0.835,0.017,0.732872285,6.913825517,71.32778366,0.003091519,0.005426148,-0.209145217,84.2,0.151679664,0.182805091,833.4141696,0.277939108,90.8165343,0.476000011
260,Majete Wildlife Reserve,Malawi,0.095274712,0.057,0.003,1.698819863,8.488941135,100.7683031,0.101878749,0.163576081,-0.209145217,84.2,0.109580068,0.184397248,804.1776891,6.407703137,86.70810319,0.476000011
261,Mahenye,Zimbabwe,0.106728466,3.409,0,1.283034,17.95849915,28.21060161,0.02012067,2.011473535,-1.593466333,87,0.69175115,0.032967416,516.6561456,58.71036109,81.88789215,0.466999993
262,High Core,Ethiopia,0.055550969,18.494,0.013,3.707310048,34.99029803,139.9131107,0.000123551,0.003314847,-0.641116167,72.2,0.606026858,0.274122162,785.2997187,39.20579995,56.84876206,0.448000014
263,Low,Ethiopia,0.074799662,3.271,0,2.402667566,28.89025783,47.64731486,0,0.002849238,-0.641116167,72.2,1,0.320856232,679.4353895,3.592039405,55.92096844,0.448000014
264,Medium,Ethiopia,0.07041856,11.614,0.001,2.083120124,35.92913036,59.37042715,0,0.003836567,-0.641116167,72.2,1,0.435307061,720.268828,2.641532198,57.81674019,0.448000014
265,Omo-Mago,Ethiopia,0.096564968,1.074,0.002,0.863926093,37.95815051,13.46922625,0.005354702,1.245462141,-0.641116167,72.2,0.901371445,0.398996719,766.432904,18.44411825,66.62116121,0.448000014
266,Zumbo,Mozambique,0.064736522,2.2,0.21,2.239854432,11.88912876,9.568412226,4.071444756,7.577188027,-0.683256567,67.4,0.467652154,2.002062171,702.8617646,2.285021504,73.74027505,0.444833343
267,Virunga NP,DRC,0.047029306,9.71,0.445,3.156273504,30.02295312,281.3304721,11.09781322,0.197253267,-1.582152833,73.3,0.426023809,0.651726604,1299.38457,0.192857616,80.3204956,0.438222225
268,sample count,DRC,0.033886605,0,0,0.534459427,10.17706856,18.15387547,0.000226265,0.036732213,-1.582152833,73.3,0.831683689,0.499731094,1662.508356,0.017419422,93.87862565,0.434037739
269,R1,Mozambique,0.073863727,0.101,0.002,1.056125275,8.711825216,3.947050855,0.186618678,0.534062,-0.683256567,67.4,0.319398242,0.223541783,1214.096431,0.155788814,79.15772737,0.426692321
270,R6,Mozambique,0.079861343,0.017,0.009,0.820644938,10.93823704,5.874498256,0.309485041,1.763959719,-0.683256567,67.4,0.639890311,0.143431774,1020.173519,1.612809691,75.07637074,0.426071442
271,R5,Mozambique,0.077774627,0.009,0.002,0.458695384,13.04813798,2.464143247,0.189078239,0.71099779,-0.683256567,67.4,0.85814631,0.248457739,1152.065008,1.525338498,80.66616005,0.424647072
272,R4,Mozambique,0.075529607,0.014,0,1.18171038,9.855897636,1.624411249,0.052624112,0.338802449,-0.683256567,67.4,0.924529754,0.420633157,1205.180071,0.538942215,86.60982849,0.423255827
273,L9,Mozambique,0.083020935,0.009,0.015,0.727201154,12.5503101,5.06809061,0.214529729,2.065473687,-0.683256567,67.4,0.486255861,0.310842499,1007.297761,1.27413966,84.54051068,0.421323542
274,Border Maunge,Zimbabwe,0.160023517,0,0,0.504128319,11.3319832,8.779245821,0,0.000372028,-1.593466333,87,0.682378009,0.979459829,472.4648111,1.248121688,83.984194,0.418000013
275,North Border,Zimbabwe,0.126779626,0.044,0.021,0.500523163,11.90437342,10.38062557,0.000722808,0.952292888,-1.593466333,87,0.540378586,0.922634572,520.08781,0.774449825,80.32901974,0.418000013
276,Border Chefu,Zimbabwe,0.149319729,0,0.014,0.610544709,12.33918571,9.772032296,0,0,-1.593466333,87,0.495605798,0.261153802,558.0443392,4.615184192,82.16405377,0.418000013
277,Gorongosa National Park,Mozambique,0.08220823,0.841,0.003,0.552420918,15.08252607,31.04614489,0.034422277,4.552188701,-0.683256567,67.4,0.99758289,0.350328937,1009.765247,0.016579728,91.87010439,0.418000013
278,Chitima 1,Mozambique,0.110801073,4.426,0.242,0.67838165,13.5776577,15.08029787,15.33737385,4.162356835,-0.683256567,67.4,0.648080928,0.705001945,714.304199,1.77052518,65.1506892,0.418000013
279,Chitima 3,Mozambique,0.069257804,3.559,0.019,0.523394063,15.06734552,11.71679432,0,0.000582779,-0.683256567,67.4,1,0.949339915,643.5013472,2.654670083,66.61016215,0.418000013
280,Chinthole 1,Mozambique,0.059524496,4.443,0,1.407162732,21.46400142,6.371126056,0,0.005519096,-0.683256567,67.4,0.748497962,0.587951068,468.636862,1.97960026,66.59619314,0.418000013
281,Magoe 1,Mozambique,0.06485973,2.023,0.12,0.570447704,10.74292658,13.04636121,2.711608645,10.07452241,-0.683256567,67.4,0.617293904,0.783388695,671.9384239,0.624088131,66.00531848,0.418000013
282,Makumbura 4,Mozambique,0.072277917,17.083,0.261,0.731271317,17.21938527,23.52251813,0,0.001320752,-0.683256567,67.4,0.847597455,0.983585239,651.6241407,4.007441556,62.79378284,0.418000013
283,Makumbura 3,Mozambique,0.066168826,0.813,0,1.355430801,12.16734694,16.14554045,0,0.002275169,-0.683256567,67.4,1,0.223233448,662.3527878,0.841512613,66.42742076,0.418000013
284,Makumbura 1,Mozambique,0.07792067,1.498,0.07,0.5050076,14.02218105,15.71528415,12.50922895,4.283168196,-0.683256567,67.4,0.619430043,0.420359411,684.0948822,0.460619955,63.40443942,0.418000013
285,Tongoe,Mozambique,0.065842376,0.09,0,1.152079182,8.173477898,6.644966229,0,0.000360462,-0.683256567,67.4,0.172377286,0.893892801,820.5959421,0.080027241,85.07963533,0.418000013
286,Chinthole 3,Mozambique,0.065927854,0.917,0.01,0.738054291,12.67752245,12.00944675,0,0.001201738,-0.683256567,67.4,0.659830243,0.857733283,646.6642821,2.529450269,69.21334001,0.418000013
287,Kachembe,Mozambique,0.095031803,1.963,0.031,0.543502964,12.27652039,22.54045199,0,0.000871029,-0.683256567,67.4,0.570703211,0.395205855,648.0502937,2.302324567,65.71528885,0.418000013
288,Chitima 2,Mozambique,0.08291843,2.431,0.079,0.635557698,11.89318951,17.05375521,0.868272186,0.321823457,-0.683256567,67.4,0.723510577,0.639053628,606.4509051,3.016874329,65.28432424,0.418000013
289,Chitima 4,Mozambique,0.076446343,1.551,0.002,0.710614673,13.61368703,13.39718595,0,0.00072798,-0.683256567,67.4,0.806605277,0.613360926,623.1066216,3.488533311,69.33483813,0.418000013
290,Chinthole 4,Mozambique,0.060688148,1.961,0.001,1.058483376,15.11672024,15.3066129,0,0.237913646,-0.683256567,67.4,0.657442258,0.748584772,615.060774,1.33929569,75.52794805,0.418000013
291,Chinthole 2,Mozambique,0.061009879,19.2,0.031,0.871788681,21.31378928,24.57226651,0,0.119041686,-0.683256567,67.4,0.52159687,0.898839528,646.0640534,2.920618162,62.38830575,0.418000013
292,Mphende,Mozambique,0.087965438,2.599,0.164,1.084201569,12.47172565,12.50650085,14.40939997,2.959250557,-0.683256567,67.4,0.652238847,0.967907246,655.7957038,0.998093828,64.97049147,0.418000013
293,Magoe 3,Mozambique,0.090134132,8.351,0.122,0.542764711,13.11487262,16.52260483,9.165700418,5.463436479,-0.683256567,67.4,0.692585302,0.456110629,669.7909068,1.253240669,62.75538098,0.418000013
294,Magoe 2,Mozambique,0.071876955,0.25,0.003,0.559092014,11.18816222,11.09758593,12.38213459,7.635257366,-0.683256567,67.4,0.601971121,0.720755588,686.1956526,1.781777411,64.30287487,0.418000013
295,Makumbura 2,Mozambique,0.075598136,7.754,0.041,0.377274309,14.01326617,27.55488897,0.045915507,0.927194545,-0.683256567,67.4,0.569056764,0.530901038,669.1065278,1.338669581,64.98519526,0.418000013
296,Magoe 5,Mozambique,0.078643318,0.366,0,0.570148526,11.29445007,15.66045947,0.006338252,0.199020014,-0.683256567,67.4,0.985132678,0,696.1064872,0.439722813,67.0658648,0.418000013
297,Magoe 4,Mozambique,0.066956861,5.673,0.055,0.479806,12.84609509,17.70714703,0.000311973,0.679077461,-0.683256567,67.4,0.926807951,0.262998447,669.8446561,0.363652973,67.49868323,0.418000013
298,Chimpembere,Mozambique,0.082338382,1.976,0.162,0.911499269,13.06145199,22.26741527,0,0.556140776,-0.683256567,67.4,0.528781326,0.36028522,523.3339487,3.084848695,80.68833486,0.418000013
299,Luenha,Mozambique,0.073253928,5.712,0.191,0.885094269,10.40731595,25.2062099,0.009465774,1.130230892,-0.683256567,67.4,0.10926636,0.333053391,591.5676812,8.624238459,72.52060955,0.418000013
300,Metamboa,Mozambique,0.066930392,0.036,0,0.984086946,8.646329707,8.162578219,0,0.001163671,-0.683256567,67.4,0.099859052,0,870.3171766,0.060050256,86.0218886,0.418000013
301,Luangwa,Mozambique,0.066765129,0.925,0.002,1.053504375,12.77855653,7.76610582,0.016029123,3.999067894,-0.683256567,67.4,0.485544605,0.833016416,724.5427928,0.058680273,81.55762778,0.418000013
302,Mecucoe,Mozambique,0.062112382,1.02,0.018,1.54723915,12.40910564,8.456857745,7.913405585,1.975930406,-0.683256567,67.4,0.081067772,0.461587598,741.8944294,0.532886551,73.39467586,0.418000013
303,L2,Mozambique,0.065348007,0.034,0.011,1.353868003,8.073345767,5.221625343,0.041301565,0.172783461,-0.683256567,67.4,0.833518233,0.202633972,1220.457682,0.359128601,100,0.418000013
304,L4,Mozambique,0.090464772,0.018,0.112,1.09630396,9.46817788,1.213597556,0.089303943,0.941760851,-0.683256567,67.4,0.999999975,0.719015314,1201.845328,1.027165351,80.78769899,0.418000013
305,M,Mozambique,0.079610374,0.237,0,8.543089999,12.66251017,1.627091629,0,0,-0.683256567,67.4,1,0.62419764,1290.331952,19.17263063,100,0.418000013
306,L7,Mozambique,0.076286077,0.075,0.017,0.878842691,9.211918913,3.08255745,0.121751628,1.083139672,-0.683256567,67.4,1,0.270160647,1157.40512,0.463965446,76.50072963,0.418000013
307,Niassa ext. east,Mozambique,0.078124971,0.094,0.003,0.85986094,10.63203763,1.268601727,0,0.006692207,-0.683256567,67.4,0.522633753,0.311152164,1094.641848,0.30323047,80.81737769,0.418000013
308,Niassa ext. west,Mozambique,0.056215555,0.01,0.001,0.816119208,7.656772044,5.477382535,0.055258774,0.260552122,-0.683256567,67.4,0.480006102,0.586492743,1176.98192,0.648323599,99.44181734,0.418000013
309,R2,Mozambique,0.072489133,0.152,0.001,1.57431967,8.359847111,3.405385186,0.096396497,0.209587091,-0.683256567,67.4,0.854599642,0,1206.383999,0.808577545,81.89567942,0.418000013
310,J,Mozambique,0.068214239,0.046,0,5.303356342,10.2022169,1.897851019,0,0,-0.683256567,67.4,1,0,1295.631169,17.62807332,100,0.418000013
311,L1,Mozambique,0.066374051,0.702,0.062,1.836034407,7.416646123,4.415172237,0.000220652,0.01262837,-0.683256567,67.4,0.75296577,0.235745987,1267.802104,0.664941491,98.96773858,0.418000013
312,L3,Mozambique,0.082176315,0.02,0.002,1.07530655,8.880120681,1.68717771,0.080644103,0.355311791,-0.683256567,67.4,0.999999937,0.662855271,1208.759915,0.618225983,86.14936381,0.418000013
313,L6,Mozambique,0.086446588,0.016,0.008,0.686252173,11.89159892,2.576779716,0.040241478,1.130344667,-0.683256567,67.4,1,0.416055075,1058.966121,1.594517625,78.42483351,0.418000013
314,R3,Mozambique,0.07833397,0.029,0.002,0.929900523,9.650720824,5.678994229,0.220716839,0.736934225,-0.683256567,67.4,0.67372285,0.277045926,1161.60511,0.756209004,81.59056348,0.418000013
315,L5,Mozambique,0.08395017,0.038,0.016,0.835874684,11.40472321,1.638368413,0.048965276,1.754452761,-0.683256567,67.4,1,0,1089.313993,2.030821745,72.87096964,0.418000013
316,L8,Mozambique,0.082912969,0.032,0,1.073810962,12.35680033,1.297464221,0.026109253,1.008233772,-0.683256567,67.4,0.984158978,0.255690667,1041.484089,0.0564221,78.58978846,0.418000013
317,Niassa ext. central,Mozambique,0.067634336,0.108,0.007,0.794321183,9.335300964,5.056431926,0,0.038985253,-0.683256567,67.4,0.623748167,0.413221088,1155.780073,0.4350326,84.70685064,0.418000013
318,Marromeo Buffalo R,Mozambique,0.088685532,1.752,0,0.07295225,21.72519272,27.30373923,2.712063381,1.516699362,-0.683256567,67.4,0.52125346,0.309261981,999.0391812,0,56.49760021,0.418000013
319,Q1,Mozambique,0.076085919,0.216,0.145,1.072055683,12.73561179,15.08496192,0,0.160621472,-0.683256567,67.4,0.948062909,0.288759698,1048.181368,0.424779885,92.54093504,0.418000013
320,Q2,Mozambique,0.078345453,1.652,0.249,0.946864282,14.58480104,39.87127985,13.76544696,2.258638105,-0.683256567,67.4,0.702395743,0.299578902,988.6201322,0.111640506,79.757424,0.418000013
321,corridor,Mozambique,0.095864953,0.029,0.038,0.915930305,13.97349732,3.707307032,0,0.187143639,-0.683256567,67.4,0.511303962,0.280710821,1026.475862,0.014189922,88.96043111,0.418000013
322,Limp. ext.,Mozambique,0.089089887,0.39,0.028,0.682741457,9.912017437,5.330755072,2.378664716,1.067546982,-0.683256567,67.4,0.550110412,0.242528525,531.522097,3.210062591,70.32112227,0.418000013
323,Limp. east,Mozambique,0.074104466,7.558,0.093,0.475815116,13.00364546,6.220139128,0.017212639,0.919988963,-0.683256567,67.4,0.406772373,0.21834257,427.5747775,0.199232608,78.99569122,0.418000013
324,Limp. north,Mozambique,0.119078297,2.826,0.054,0.874925785,11.28634491,2.919322787,0.001096312,0.936547479,-0.683256567,67.4,0.547087756,0.426254626,395.4443331,0.216534218,87.48946448,0.418000013
325,Limp. ext. 1,Mozambique,0.114902269,3.514,0.007,0.809128002,19.94286026,3.985060087,0.000248245,0.023677817,-0.683256567,67.4,NA,0.407238345,599.3869631,0,71.49711462,0.418000013
326,MaputoSR,Mozambique,0.072969356,1.266,0.054,0.529324133,12.91587422,18.48755843,9.375797413,3.220302446,-0.683256567,67.4,0.043060572,0.82,780.0229975,1.71143633,84.88216347,0.418000013
327,Limp. west,Mozambique,0.080742868,2.704,0.036,0.854436556,14.40697973,3.140062833,1.386751366,0.720655325,-0.683256567,67.4,0.9203072,0.0651749,430.9963196,0.264634178,78.71043103,0.416997922
328,2a,Chad,0.053735168,8.541,0,0.602158553,13.23935433,85.69379566,0,0.037867323,-1.358005833,69,0.519385262,0.379559006,951.0750941,3.255525821,58.72187988,0.395999998
329,4a,Chad,0.063307452,46.803,0.01,0.70562615,10.1174558,86.36285885,6.148513533,2.764875682,-1.358005833,69,0.474256964,1.554610663,901.1972837,25.67338773,55.45666788,0.395999998
330,3a,Chad,0.044853638,28.698,0,0.485942938,10.25465602,80.13126197,0,0.018420647,-1.358005833,69,0.560226617,1.655490646,917.229231,21.11363076,55.48855743,0.395999998
331,1a,Chad,0.059870301,9.103,0,0.524811177,14.16420734,78.87197979,0,0.057680935,-1.358005833,69,0.36191325,0,826.3533634,10.20029738,59.26534075,0.395999998
332,Guelendeng,Chad,0.062771553,8.735,0.021,0.100631235,10.43360501,23.14822259,0.507016815,2.999835982,-1.358005833,69,0.051226819,0.800032353,804.6854268,4.297974219,59.3377521,0.395999998
333,Bousso,Chad,0.062047665,11.918,0.142,0.11555858,10.23542657,19.00115867,0.630530135,4.727680464,-1.358005833,69,0.067758722,1.100217156,596.8505379,9.095940645,63.06207158,0.395999998
334,1,Chad,0.052789461,0,0,0.280217652,16.09929029,5.742150979,0,0.0354042,-1.358005833,69,1,0.88903505,923.880539,2.948247753,62.00162843,0.395999998
335,2,Chad,0.05542452,0,0,0.160889079,16.33313333,6.653194577,0,0.085266495,-1.358005833,69,1,0.376085301,924.5904415,0,58.87192231,0.395999998
336,3,Chad,0.066833422,0.228,0,0.117056287,18.49124726,8.141365336,0,1.294021285,-1.358005833,69,1,0.659126164,948.4632695,4.644784419,58.56407798,0.395999998
337,4,Chad,0.06829362,0.259,0,0.090633099,16.51278211,8.257435851,0,1.389657842,-1.358005833,69,1,0.660878701,930.068029,1.428628031,59.11393627,0.395999998
338,5,Chad,0.060644148,0.008,0,0.075124589,15.67168364,8.077507087,0,0.752530892,-1.358005833,69,1,1.216997181,915.6232518,16.96362297,61.5134091,0.395999998
