stratum,country,seasonality,cropland,human_settlement,slope,soil,human_density,percent_perm_water,percent_seasonal_water,ROL,BDH,prop_in_PA,RoadArea,rainfall,livestock_biomass,TreeCover,HDI_mean
MucussoLuianaNamBorder,Angola,0.066692384,0.001,0,0.075675211,6.41817209,1.778526901,0,4.26E-05,-1.211364667,39.3,0.994217637,0.289547016,600.8608247,0.219739579,21.60157184,0.541734686
Kwando_angola,Angola,0.062498692,0.041,0.002,0.107678585,8.664944014,2.986372663,0.008,0.578763212,-1.211364667,39.3,0.97043295,0.506884849,643.5308642,0.316363271,21.68979376,0.53932608
Kwando5km,Angola,0.043371474,0.051,0.001,0.072629427,7.316836836,2.798982504,3.00E-04,0.380972706,-1.211364667,39.3,0.574992287,0.643367341,699.5615385,0.456613298,22.89097246,0.538111104
Cuito-Okavango,Angola,0.078261377,1.263,0.01,0.266875055,7.027877732,5.386075226,0.3832,1.799773464,-1.211364667,39.3,0.432233852,0.680914907,592.8842975,0.315677835,16.20075315,0.534698405
Mavinga,Angola,0.054705457,0.081,0,0.426310247,8.066980815,1.356064565,0.0015,2.350266326,-1.211364667,39.3,0.527297836,0.448088138,853.9036145,0.442480698,23.60721957,0.532999992
Stefans Game Reserve,Angola,0.052788537,0,0,0.370849413,5.099017872,2.733806532,0.0014,0.133521872,-1.211364667,39.3,1.33E-15,0,709.8854167,0.616916003,23.35491351,0.532999992
Likuwa Core,Angola,0.070829896,0.019,0,0.178726443,6.738786365,0.911328153,1.00E-04,0.032990333,-1.211364667,39.3,1,1.385433356,666.7613636,0.644669263,22.37285946,0.532999992
Likuwa10km,Angola,0.05970566,0.021,0,0.191173177,4.972266024,0.88732243,0,0.03483234,-1.211364667,39.3,0.601824281,0.523111287,666.6756757,0.258372421,22.82399892,0.532999992
Western Luiana,Angola,0.05767926,0,0.001,0.057878018,5.378689644,1.136123725,0,0.001236272,-1.211364667,39.3,0.924532088,0.083147212,622.3037791,0.691385592,24.58506316,0.532999992
Likuwa,Angola,0.046354201,0.004,0,0.112685135,6.766366897,1.210377681,7.00E-04,0.613731932,-1.211364667,39.3,0.835198833,0.702221502,662.7327586,0.441521192,28.16689144,0.532999992
Kazuma Forest Reserve,Botswana,0.052157684,0.035,0.041,0.154768786,9.518447225,1.978062516,0,0.030130209,0.638451633,91.6,0.729718387,1.446080949,547.6666667,0,20.64974889,0.698
Makgadikgadi NP West,Botswana,0.085822191,0.056,0.069,0.082638555,7.486184849,3.315984317,0,0,0.638451633,91.6,0.555690714,0.325976551,378.02,0.481470282,6.299141439,0.698000014
Makgadikgadi East,Botswana,0.080562039,0.01,0,0.080611275,9.810550488,3.831346007,0,0,0.638451633,91.6,0.69884511,0.233458845,375.8726115,0.061015261,3.357297667,0.698000014
East Gweta total count,Botswana,0.054496402,2.144,0.01,0.050416976,7.169774011,4.227520238,0,0,0.638451633,91.6,0.335652462,1.565916649,393.8095238,10.72549328,4.968233995,0.698000014
NG37 Ngami,Botswana,0.101624731,0.003,0.052,0.178842164,9.242441917,2.245571053,0,0,0.638451633,91.6,0.941835416,0.315620242,427.8617021,1.34934346,13.76279092,0.698000014
NG35 South,Botswana,0.074143643,0.007,0.149,0.061964733,6.839757893,2.279870149,0,1.307998041,0.638451633,91.6,1,0.764413075,441.3583333,1.489792791,12.06049537,0.698000014
"NG27a, 27b and 30",Botswana,0.057358084,0,0.005,0.061368405,12.20019254,2.372786928,0.0097,16.32454763,0.638451633,91.6,1,0.097613594,454.9253731,2.07837704,8.273636638,0.698000014
CT4 and 7,Botswana,0.050058755,0.464,0.012,0.088651266,7.225614159,4.743375453,0,0.04156304,0.638451633,91.6,0.505462742,0.265871717,413.4840426,1.177513713,14.29094272,0.698000014
NG35 North,Botswana,0.067069187,0.006,0.148,0.068839737,9.529956619,2.375709708,0.3032,8.899115704,0.638451633,91.6,1,0.602895797,456.8076923,5.914540329,14.29074748,0.698000014
NG29,Botswana,0.053534549,0.078,0,0.053170719,8.425473798,2.172829912,1.00E-04,9.648695824,0.638451633,91.6,1,0.064702281,444.6451613,1.780216511,10.14259334,0.698000014
NG41 Mababe North,Botswana,0.072069068,0.108,0.017,0.110462659,7.450480591,2.247933348,0.0063,0.052754914,0.638451633,91.6,0.999904952,0.863361453,465.862069,1.971847564,12.83769512,0.698000014
NG12,Botswana,0.048404293,0.061,0.027,0.051068661,9.325061078,1.359161884,0.0154,5.608411932,0.638451633,91.6,1,0.455783126,481.6521739,0.88901433,10.4940647,0.698000014
Rakops,Botswana,0.086048172,0.466,1.194,0.054360686,10.12686739,3.230857707,0,0,0.638451633,91.6,0.11121926,0.512395882,344.037037,10.33386257,6.793339435,0.698000014
Nxai Pan NP,Botswana,0.060420411,0.011,0.004,0.071509588,7.145179792,2.987768734,0,0,0.638451633,91.6,0.887003039,0.323810656,413.304,0.046080748,12.60366192,0.698000014
NG47 and 49 Nxai,Botswana,0.067221909,0.033,0.019,0.074325079,7.038758476,2.446873017,0,0.000259874,0.638451633,91.6,0.826930547,0.406039191,417.352518,1.042598414,15.74269627,0.698000014
NG32,Botswana,0.061087233,0.001,0.011,0.054874342,12.83378873,2.375747088,0.1921,14.06149994,0.638451633,91.6,1,0,460.4354839,2.318183692,8.295192525,0.698000014
NG31 and 17 Chitabe,Botswana,0.050617485,0.004,0,0.06558284,11.89348848,2.3745477,0.1064,2.649863644,0.638451633,91.6,1,0,463.7142857,11.2427262,10.41288313,0.698000014
NG26,Botswana,0.053931618,0.015,0,0.05542338,12.4141897,1.852620912,0.0011,15.53633196,0.638451633,91.6,1,0,444.7011494,1.539645831,7.554389288,0.698000014
NG34,Botswana,0.063208739,0,0.046,0.073116144,5.807891156,2.378733647,0.0026,0.724434294,0.638451633,91.6,0.999874152,0.35061881,458.9302326,3.406857053,14.7687113,0.698000014
NG 43 Mababe South,Botswana,0.090001425,0,0,0.064720566,4.709996163,2.37771093,0,0.000222316,0.638451633,91.6,1,0.494055333,454.5555556,3.563081523,9.475613616,0.698000014
NG25,Botswana,0.055700032,0.002,0,0.050611972,18.56816998,1.719796764,0.0115,19.13561336,0.638451633,91.6,1,0,449.8787879,2.590376708,3.605120677,0.698000014
CT1 and CT2,Botswana,0.061254772,0.014,0,0.120395636,5.357272003,4.31635419,0,0.00013893,0.638451633,91.6,0.999991666,0.114268809,445.8171745,0.47525345,18.75392701,0.698000014
"NG41, 42, 43",Botswana,0.06473987,0.003,0,0.047809731,5.262387768,2.535977078,0,0.000172142,0.638451633,91.6,0.914958522,0.212576877,448.519174,0.405858384,16.84050657,0.698000014
Moremi,Botswana,0.051984831,0.012,0,0.060347679,11.67791298,2.17384441,0.1539,5.260427937,0.638451633,91.6,1,0.12257084,465.7016807,0.514267249,10.63326657,0.698000014
NG23Duba,Botswana,0.046916905,0.005,0,0.054967593,14.37076856,1.592028167,0.1202,4.87100939,0.638451633,91.6,1,0,463.8695652,2.8064238,7.592234045,0.698000014
NG24,Botswana,0.054612165,0.004,0.021,0.046510504,18.97854478,1.484793636,0.307,11.7057879,0.638451633,91.6,1,0,453.8333333,2.341204056,2.632424444,0.698000014
NG22Vumbra,Botswana,0.041625731,0,0.008,0.04953166,8.489022392,1.595322687,0.1206,3.87070365,0.638451633,91.6,1,0,475.7931034,1.612419895,10.1394827,0.698000014
Chobe Mababe,Botswana,0.069144739,0.005,0,0.074929256,12.70540576,1.936503336,0,0,0.638451633,91.6,0.999913238,0.214356755,712,0.090646096,14.5626037,0.698000014
"NG20, 21 Splash",Botswana,0.051858138,0,0.002,0.046670345,7.341827448,2.123914092,0.1006,1.840746111,0.638451633,91.6,1,0,484.655914,0.431703493,9.355261879,0.698000014
"NG18, 19 Khwai",Botswana,0.057764502,0,0.009,0.045307007,5.376148289,2.252122341,0.0041,0.142883678,0.638451633,91.6,1,0.124703241,486.9673913,0.567424418,12.95632986,0.698000014
NG16,Botswana,0.04908815,0,0,0.047897481,5.24079268,1.824585475,0.3166,1.916194804,0.638451633,91.6,1,0,502.1641791,0.46125083,9.926538744,0.698000014
"CH7, 8, 11 and 12",Botswana,0.067328857,0.496,0.003,0.110964511,6.240778915,2.089407571,0,0.001239571,0.638451633,91.6,0.900563801,0.332045262,571.7638889,0.053848522,19.3214889,0.698000014
Chinamba,Botswana,0.061368679,0.007,0,0.128560649,5.926208729,1.697445647,0,0.002303253,0.638451633,91.6,1,0,616.8730159,0.000783396,21.53921398,0.698000014
West Okavango,Botswana,0.061962237,1.348,0.366,0.077506396,8.312343418,1.500952354,0.0536,1.454137569,0.638451633,91.6,0.955910295,0.428827203,446.4206642,0.377943302,16.4951923,0.698000014
NG15,Botswana,0.047955444,0,0.002,0.051795888,5.511417673,2.703111663,0.5547,1.611586288,0.638451633,91.6,0.919871948,0,516.7068966,0.759132224,13.08477983,0.698000014
Chobe Savuti,Botswana,0.060751375,0.003,0.004,0.124565173,6.845820936,2.184407702,0.0092,0.056979712,0.638451633,91.6,0.944570893,0,613.45,0,15.07192779,0.698000014
NG11 and 10,Botswana,0.071333774,1.372,0.271,0.08194288,7.355280606,1.312908471,0.0655,2.135673773,0.638451633,91.6,1,0.210998266,491.5776173,0.163984684,12.34159699,0.698000014
Nogatsaa,Botswana,0.07031379,0.01,0,0.108494675,8.761878471,1.755357669,0,0.005115347,0.638451633,91.6,1,0.374347019,552.6938776,0,17.38981053,0.698000014
CH1,Botswana,0.064473349,0,0.004,0.077033949,7.733217693,3.289466653,0.0728,0.658197001,0.638451633,91.6,0.418508509,0,590.8512397,0.109830718,12.57408789,0.698000014
CH2 Chobe FR,Botswana,0.067843544,0.005,0.155,0.202531577,6.2794543,2.486995452,0.0021,4.313909214,0.638451633,91.6,0.740452997,0.178770399,562.4423077,0.062385219,25.61676444,0.698000014
Chobe River,Botswana,0.069088781,0.086,0.001,0.310968407,5.979059228,3.90346281,0.3999,10.72773335,0.638451633,91.6,0.638786211,0.194518674,481.3432836,0,18.96667948,0.698000014
NG14,Botswana,0.050214601,0.002,0,0.063419602,5.510262509,2.41118696,0.0777,0.634919776,0.638451633,91.6,0.85165333,0.174466488,536.5035971,0.248302595,13.26054217,0.698000014
NG13,Botswana,0.064643813,0,0.001,0.105553833,4.906853872,1.183797636,0,0.003824444,0.638451633,91.6,1,0,533.8968254,0.223296964,13.19109119,0.696187513
Ngwasha and Sepako,Botswana,0.054185237,0.095,0.029,0.153006197,6.81868414,4.926971074,0,0.018818177,0.638451633,91.6,0.463623835,0.415866338,431.3026316,1.380846317,10.85969514,0.693450013
Sibuyu and South Pandamatenga,Botswana,0.066744996,0.057,0.001,0.142434784,7.612147878,3.383598334,0,0.01335129,0.638451633,91.6,0.878927935,0.839146446,491.7983193,0.773867311,20.68501448,0.67980001
CH5,Botswana,0.083855308,0.063,0.006,0.127235603,25.85029064,1.810802236,0,0.003344494,0.638451633,91.6,0.944562485,0.548675557,559.5483871,0.234689472,11.1404903,0.678842115
Kasane FR,Botswana,0.047699518,0.157,0.822,0.243043208,6.221262458,3.765684112,0.9446,0.853599799,0.638451633,91.6,0.957116642,1.360129088,627.4782609,0.495805775,19.31779234,0.661600006
Faro,Cameroon,0.039998895,1.971,0.001,1.083121559,15.19417129,14.95094782,0.001,0.783,-1.01845035,48.6,5.77E-15,0.16,1355.698795,0.101055352,17.00153311,0.518000007
Benoue_all,Cameroon,0.0378022,2.898,0.007,1.236191015,10.51508979,23.5123828,0,0.279,-1.01845035,48.6,0.229360769,1.22,1288.382979,0.22020539,21.47344787,0.518000007
BoubaNP,Cameroon,0.041008857,3.719,0,0.819039949,10.15057892,21.80986528,0,0.054,-1.01845035,48.6,1.29E-13,0.25,1104.22,0.048211306,15.80271385,0.513120006
SenaOura_NP,Chad,0.038878207,9.857,0,0.641795301,8.79777023,38.19754563,0,0,-1.358005833,69,0.280578651,0.33,1022.325,3.597554656,35.56061442,0.396
2a,Chad,0.052389424,8.541,0,0.602158553,13.23935433,85.69379566,0,0.035302883,-1.358005833,69,0.519385262,0.379559006,886.6666667,3.255525821,9.721879881,0.395999998
4a,Chad,0.06172198,46.803,0.01,0.70562615,10.1174558,86.36285885,7.5214,2.577633585,-1.358005833,69,0.474256964,1.554610663,840.1666667,25.67338773,6.456667881,0.395999998
3a,Chad,0.043730323,28.698,0,0.485942938,10.25465602,80.13126197,0,0.017173169,-1.358005833,69,0.560226617,1.655490646,855.1129032,21.11363076,6.488557432,0.395999998
1a,Chad,0.058370909,9.103,0,0.524811177,14.16420734,78.87197979,0,0.053774684,-1.358005833,69,0.36191325,0,770.3913043,10.20029738,10.26534075,0.395999998
Guelendeng,Chad,0.062144152,8.735,0.021,0.100631235,10.43360501,23.14822259,0.6355,2.774602318,-1.358005833,69,0.051226819,0.800032353,744.2680412,4.297974219,10.3377521,0.395999998
Bousso,Chad,0.061628787,11.918,0.142,0.11555858,10.23542657,19.00115867,0.762,4.333532164,-1.358005833,69,0.067758722,1.100217156,547.0909091,9.095940645,14.06207158,0.395999998
1,Chad,0.052531749,0,0,0.280217652,16.09929029,5.742150979,0,0.032512654,-1.358005833,69,1,0.88903505,848.425,2.948247753,13.00162843,0.395999998
2,Chad,0.055153944,0,0,0.160889079,16.33313333,6.653194577,0,0.078302576,-1.358005833,69,1,0.376085301,849.0769231,0,9.871922311,0.395999998
3,Chad,0.066507149,0.228,0,0.117056287,18.49124726,8.141365336,0,1.188335464,-1.358005833,69,1,0.659126164,871,4.644784419,9.564077975,0.395999998
4,Chad,0.067960219,0.259,0,0.090633099,16.51278211,8.257435851,0,1.276161154,-1.358005833,69,1,0.660878701,854.1071429,1.428628031,10.11393627,0.395999998
5,Chad,0.060348091,0.008,0,0.075124589,15.67168364,8.077507087,0,0.69106989,-1.358005833,69,1,1.216997181,840.8421053,16.96362297,12.5134091,0.395999998
total count,DRC,0.042312126,0.002,0.005,0.440898376,10.17706856,13.94884073,0.0041,0.256866363,-1.582152833,73.3,0.831683689,0.390566113,1563.514793,0,25.25785184,0.435
Virunga NP,DRC,0.050843181,9.71,0.445,3.156273504,30.02295312,281.3304721,10.0431,0.174884151,-1.582152833,73.3,0.426023809,0.651726604,1152.030435,0.192857616,31.3204956,0.438222225
sample count,DRC,0.036722293,0,0,0.534459427,10.17706856,18.15387547,2.00E-04,0.034145003,-1.582152833,73.3,0.831683689,0.499731094,1545.410628,0.017419422,44.87862565,0.434037739
High Core,Ethiopia,0.061099564,18.494,0.013,3.707310048,34.99029803,139.9131107,1.00E-04,0.002696078,-0.641116167,72.2,0.606026858,0.274122162,638.7111111,39.20579995,7.848762057,0.448000014
Low,Ethiopia,0.079872098,3.271,0,2.402667566,28.89025783,47.64731486,0,0.002237523,-0.641116167,72.2,1,0.320856232,533.5645161,3.592039405,6.920968441,0.448000014
Medium,Ethiopia,0.075193898,11.614,0.001,2.083120124,35.92913036,59.37042715,0,0.003012878,-0.641116167,72.2,1,0.435307061,565.63125,2.641532198,8.816740188,0.448000014
Omo-Mago,Ethiopia,0.116094815,1.074,0.002,0.863926093,37.95815051,13.46922625,0.0041,1.018963799,-0.641116167,72.2,0.901371445,0.398996719,627.0502793,18.44411825,17.62116121,0.448000014
OlAriNyiro,Kenya,0.100173506,1.736,0,1.552954354,29.4187858,57.00371664,0.1732,0.13106106,-0.7143295,53.5,0.15096869,0,692.9285714,0,24.49450305,0.55
SamburuBuff,Kenya,0.088311723,0.068,0.119,1.211965319,22.19264602,40.00520405,0.0221,0.561509835,-0.7143295,53.5,0.761243013,1.20442371,506.7058824,0,4.012152244,0.555
CntMed4km,Kenya,0.103463881,0.042,0.025,1.609295415,14.38645092,20.3025151,0.0385,0.212056195,-0.7143295,53.5,0.310726619,0.448010274,517.8141593,0,8.389195195,0.55
151,Kenya,0.089813602,1.704,0.029,0.145810005,23.44276537,30.6675752,13.1964,3.353976719,-0.7143295,53.5,0.429800072,0.616261037,825.7619048,10.37156897,14.16358604,0.555000007
152,Kenya,0.086883654,9.72,0.041,0.31681987,20.35484694,32.22059274,25.2001,1.581221261,-0.7143295,53.5,0.566573308,0.535415256,1060.384615,9.441967959,21.12636372,0.555000007
153,Kenya,0.102531414,0.195,0.171,0.17350674,24.20548825,23.35981441,0.053,1.65375326,-0.7143295,53.5,0.668024476,0.880481156,709.2857143,26.47047697,15.18382193,0.555000007
154,Kenya,0.103373122,5.45,0.035,0.114581698,25.53526334,30.62500508,0.2023,3.785156449,-0.7143295,53.5,0.999999996,0.722800085,868.6388889,16.83846196,23.02391048,0.555000007
155,Kenya,0.085843455,10.414,0.089,0.155756797,23.19114983,27.69800041,0.3916,0.920974664,-0.7143295,53.5,0.999834971,0.835762209,1010.404762,14.22660286,23.29769945,0.555000007
156,Kenya,0.076053121,16.221,0.21,0.153497074,20.26557105,31.8720722,29.6313,2.079012688,-0.7143295,53.5,0.478512957,0.983255614,970.3333333,21.26653003,12.54567227,0.555000007
157,Kenya,0.106531553,1.151,0.031,0.114902169,24.00461632,27.05772036,1.00E-04,1.814131474,-0.7143295,53.5,0.557932609,0.839296162,654.9189189,19.34283394,14.51865355,0.555000007
158,Kenya,0.082920001,0.298,0.004,0.186297848,23.72606364,19.98518803,1.00E-04,0.954262648,-0.7143295,53.5,0.999999996,0.048237693,746.8809524,16.84112103,25.8209707,0.555000007
159,Kenya,0.069688673,0.008,0,0.14247284,23.57395543,13.21731504,0,0.01412705,-0.7143295,53.5,1,0.176483535,832.6734694,7.892300029,35.63157612,0.555000007
160,Kenya,0.079511417,4.513,0.014,0.135754483,21.82648026,23.38550003,8.8193,1.118666909,-0.7143295,53.5,0.552669397,0.687703771,843.2368421,16.70918638,23.04120434,0.555000007
162,Kenya,0.092594346,0,0,0.167778355,24.6640414,27.58907225,3.00E-04,0.151805136,-0.7143295,53.5,0.843664713,0.084456953,622.4857143,39.96508492,19.22838766,0.555000007
163,Kenya,0.081408428,0.016,0,0.14269956,22.58992555,14.87457163,3.00E-04,0.01089577,-0.7143295,53.5,0.999999949,0.32923959,663.9130435,23.9380856,26.85520734,0.555000007
164,Kenya,0.077120194,0.008,0,0.152285793,21.49971014,6.65731903,0,0.060422105,-0.7143295,53.5,0.700429883,0.85214999,682.9642857,25.6454914,37.45300256,0.555000007
165,Kenya,0.064024589,0.68,0,0.233491474,22.52635989,8.718989551,0.641,0.629462991,-0.7143295,53.5,0.814329461,0.435836974,678.244898,7.074260513,45.13551829,0.555000007
167,Kenya,0.077710927,0.015,0.016,0.067171313,26.77517457,24.61223373,0.0018,0.008867833,-0.7143295,53.5,0.707414964,0.589179678,551.3469388,39.40680217,15.41347564,0.555000007
168,Kenya,0.068062282,0.017,0,0.101747144,23.9369107,11.7206306,0,0.003175204,-0.7143295,53.5,0.935301347,0.141863007,563.6666667,37.45109795,34.45738514,0.555000007
169,Kenya,0.056985355,0.041,0,0.125628663,22.78389262,5.063175484,4.00E-04,0.010122482,-0.7143295,53.5,0.797253227,0,571.52,17.9682528,44.84957788,0.555000007
171,Kenya,0.060273097,0.019,0.017,0.165118035,20.59041084,15.56035603,7.00E-04,0.009746861,-0.7143295,53.5,0.556829644,0.403816475,490.5454545,42.68660127,21.41707743,0.555000007
166,Kenya,0.076936867,2.758,0.008,0.484681549,23.51917494,8.934789096,20.4641,1.124424259,-0.7143295,53.5,0.695085794,1.100444557,688.2857143,16.03945263,31.34167128,0.555000007
170,Kenya,0.061504813,0,0,0.075482993,28.98316252,17.86582556,7.00E-04,0.012468512,-0.7143295,53.5,0.630256122,0.553658663,490.3478261,42.40996376,13.46770843,0.555000007
161,Kenya,0.077442666,10.832,0.142,0.152778276,21.49813598,23.16670383,33.6709,2.868960317,-0.7143295,53.5,0.197551176,0,828.15,12.4217736,20.18149845,0.555000007
Amboseli Medium North,Kenya,0.129688334,5.77,0.004,0.868024691,20.09886677,22.32247708,0,0.00853309,-0.7143295,53.5,0.260081902,0.600854379,750.0641026,9.980618879,6.644434881,0.555000007
Amboseli High Core,Kenya,0.118456374,12.898,0.086,0.926181401,26.78800605,41.86011992,0.0262,0.480107654,-0.7143295,53.5,0.68366145,0.796888259,399.8933333,12.35276541,4.895937021,0.555000007
Tsavo High Core,Kenya,0.123844665,0.525,0.019,1.060930067,14.25208189,18.07084369,2.00E-04,0.304346434,-0.7143295,53.5,0.823345029,0.619716652,730.4141414,0,8.44263388,0.555000007
Tsavo Low West,Kenya,0.112628154,25.894,0.115,1.672714393,26.5436417,56.17010741,5.00E-04,0.125506824,-0.7143295,53.5,0.729859342,0.707417686,730.3914894,3.525150122,12.81321794,0.555000007
Tsavo Medium North,Kenya,0.127772426,0.339,0,0.777474549,13.29720975,11.99564327,2.00E-04,0.175141559,-0.7143295,53.5,0.860210562,0.312617015,754.1901639,0.055524333,11.9932861,0.555000007
Tsavo Low East,Kenya,0.100582296,0.039,0.017,0.459606508,14.50665082,22.22227314,0.0093,0.092592247,-0.7143295,53.5,0.424181469,0.307881242,683.2601626,7.739592725,10.38519912,0.555000007
Milgis River,Kenya,0.069099306,0.333,0,4.038490162,14.18547009,7.181527883,3.00E-04,0.002900232,-0.7143295,53.5,0.314243749,0.265513084,434.75,41.80033903,14.28234804,0.555000007
Meru,Kenya,0.099827114,3.613,0.01,0.667848297,23.80238288,116.5133585,0.2988,0.213056555,-0.7143295,53.5,0.655059921,0.268203379,502.8510638,1.833207634,16.19584809,0.555000007
SouthHigh,Kenya,0.11516577,28.222,0.061,2.576705139,30.25587193,111.0110644,0.0131,0.034660481,-0.7143295,53.5,0.30583657,0.832152248,1010.958333,45.39248274,8.524129848,0.555000007
WestBHigh,Kenya,0.124216829,1.435,0.011,0.981491558,28.16136925,43.72176585,0.0417,0.042755696,-0.7143295,53.5,0.830181119,0.442748205,644.6440678,5.863520043,8.787442227,0.555000007
WestAHigh,Kenya,0.117762293,1.727,0.026,1.014572636,25.31897776,57.1603125,0.0394,0.058450997,-0.7143295,53.5,0.545788939,0.690377238,724.45,18.0729278,9.156763532,0.555000007
WestLow8km,Kenya,0.146608353,0.365,0.059,1.662529829,28.35173648,33.28320086,0.0182,0.089495574,-0.7143295,53.5,0.371821381,0.805521967,588.6976744,22.78171041,14.1434728,0.555000007
West Low,Kenya,0.118749014,15.28,0.075,1.011462197,28.43763998,89.71376273,0.0582,0.06126149,-0.7143295,53.5,0.574696832,0.677807247,697.3255814,12.72111591,9.607553036,0.555000007
EastLow8km,Kenya,0.09596991,0.034,0.015,0.945499609,20.91642943,16.71651131,2.00E-04,0.094576014,-0.7143295,53.5,0.45963729,0.493541454,473.037037,1.843200411,3.647068706,0.555000007
CentralHigh,Kenya,0.091386347,2.005,0.243,1.320975748,16.22912424,28.58724779,0.0158,0.241323363,-0.7143295,53.5,0.372905209,0.704599673,526.9404762,2.835442265,7.302853371,0.555000007
EastHigh,Kenya,0.083021749,0.003,0.005,0.932680242,14.13506525,9.783651043,0,0.039526474,-0.7143295,53.5,0.879225966,0.402436833,469.9896907,1.841582779,4.644786278,0.555000007
MarsabitB,Kenya,0.188023605,2.859,0,1.88146378,33.21652844,15.93589013,0,0,-0.7143295,53.5,0.726069822,0.531065445,568.9444444,0,25.46196543,0.555000007
KerioValley,Kenya,0.080559253,16.447,0,1.044941106,16.8474059,136.8755403,0.011,0.342526155,-0.7143295,53.5,0.029567129,0.351021051,829,699.8700435,23.05729837,0.555000007
Turkana,Kenya,0.104308129,0.02,0.134,0.580200927,14.1686363,25.10674682,0,0.05463593,-0.7143295,53.5,0.565398836,0.691374837,493.75,115.6207196,5.502810411,0.555000007
Nasalot,Kenya,0.105058633,0.364,0.059,0.668257217,13.95924574,33.95989906,0,0.116246886,-0.7143295,53.5,0.678387677,0.988403543,523.5,626.8069362,11.79236193,0.555000007
Mwea,Kenya,0.147742168,86.091,0.015,1.017260413,22.19687771,124.2429924,6.8026,1.495550212,-0.7143295,53.5,0.200893194,3.129667103,743.25,407.9571436,4.464655698,0.555000007
Tsavo Medium South,Kenya,0.11175453,3.707,0.014,0.957002119,12.98247278,48.86588675,0.2653,0.113805655,-0.7143295,53.5,0.49769613,0.388871859,676.5053996,1.022451834,7.582645007,0.554787618
Liwonde NP,Malawi,0.067379835,4.671,0.032,0.5514915,15.70650512,222.9135269,6.7798,1.542571533,-0.209145217,84.2,0.10457968,0.576842573,966.5769231,3.283317622,25.02492112,0.476000011
Kasungu NP,Malawi,0.049961552,0.835,0.017,0.732872285,6.913825517,71.32778366,0.0055,0.005503027,-0.209145217,84.2,0.151679664,0.182805091,845.2222222,0.277939108,41.8165343,0.476000011
Majete Wildlife Reserve,Malawi,0.072593935,0.057,0.003,1.698819863,8.488941135,100.7683031,0.1322,0.174024689,-0.209145217,84.2,0.109580068,0.184397248,855.5454545,6.407703137,37.70810319,0.476000011
Zumbo,Mozambique,0.053872818,2.2,0.21,2.239854432,11.88912876,9.568412226,6.2309,7.841003312,-0.683256567,67.4,0.467652154,2.002062171,727.3333333,2.285021504,24.74027505,0.444833343
R1,Mozambique,0.058172871,0.101,0.002,1.056125275,8.711825216,3.947050855,0.2418,0.544979814,-0.683256567,67.4,0.319398242,0.223541783,1238.916168,0.155788814,30.15772737,0.426692321
R6,Mozambique,0.065458279,0.017,0.009,0.820644938,10.93823704,5.874498256,0.3307,1.769576627,-0.683256567,67.4,0.639890311,0.143431774,1023.422018,1.612809691,26.07637074,0.426071442
R5,Mozambique,0.061944883,0.009,0.002,0.458695384,13.04813798,2.464143247,0.2225,0.723029139,-0.683256567,67.4,0.85814631,0.248457739,1171.56,1.525338498,31.66616005,0.424647072
R4,Mozambique,0.0601568,0.014,0,1.18171038,9.855897636,1.624411249,0.0664,0.34453559,-0.683256567,67.4,0.924529754,0.420633157,1225.573864,0.538942215,37.60982849,0.423255827
L9,Mozambique,0.068711511,0.009,0.015,0.727201154,12.5503101,5.06809061,0.2302,2.061278421,-0.683256567,67.4,0.486255861,0.310842499,1005.251799,1.27413966,35.54051068,0.421323542
Gorongosa National Park,Mozambique,0.064897163,0.841,0.003,0.552420918,15.08252607,31.04614489,0.0511,4.929630853,-0.683256567,67.4,0.99758289,0.350328937,1093.489362,0.016579728,42.87010439,0.418000013
Chitima 1,Mozambique,0.08789261,4.426,0.242,0.67838165,13.5776577,15.08029787,23.1119,4.298442294,-0.683256567,67.4,0.648080928,0.705001945,737.6578947,1.77052518,16.1506892,0.418000013
Chitima 3,Mozambique,0.055227982,3.559,0.019,0.523394063,15.06734552,11.71679432,0,0.00061202,-0.683256567,67.4,1,0.949339915,675.7894737,2.654670083,17.61016215,0.418000013
Chinthole 1,Mozambique,0.047466388,4.443,0,1.407162732,21.46400142,6.371126056,0,0.00579602,-0.683256567,67.4,0.748497962,0.587951068,492.1510417,1.97960026,17.59619314,0.418000013
Magoe 1,Mozambique,0.05397535,2.023,0.12,0.570447704,10.74292658,13.04636121,4.3459,10.4252875,-0.683256567,67.4,0.617293904,0.783388695,695.3333333,0.624088131,17.00531848,0.418000013
Makumbura 4,Mozambique,0.056875416,17.083,0.261,0.731271317,17.21938527,23.52251813,0,0.001410278,-0.683256567,67.4,0.847597455,0.983585239,695.7941176,4.007441556,13.79378284,0.418000013
Makumbura 3,Mozambique,0.052068179,0.813,0,1.355430801,12.16734694,16.14554045,0,0.00242939,-0.683256567,67.4,1,0.223233448,707.25,0.841512613,17.42742076,0.418000013
Makumbura 1,Mozambique,0.06484448,1.498,0.07,0.5050076,14.02218105,15.71528415,19.6474,4.43229545,-0.683256567,67.4,0.619430043,0.420359411,707.9130435,0.460619955,14.40443942,0.418000013
Tongoe,Mozambique,0.054793094,0.09,0,1.152079182,8.173477898,6.644966229,0,0.000373012,-0.683256567,67.4,0.172377286,0.893892801,849.1666667,0.080027241,36.07963533,0.418000013
Chinthole 3,Mozambique,0.052572593,0.917,0.01,0.738054291,12.67752245,12.00944675,0,0.001262036,-0.683256567,67.4,0.659830243,0.857733283,679.1111111,2.529450269,20.21334001,0.418000013
Kachembe,Mozambique,0.075780842,1.963,0.031,0.543502964,12.27652039,22.54045199,0,0.000914733,-0.683256567,67.4,0.570703211,0.395205855,680.5666667,2.302324567,16.71528885,0.418000013
Chitima 2,Mozambique,0.066121322,2.431,0.079,0.635557698,11.89318951,17.05375521,1.3084,0.337971172,-0.683256567,67.4,0.723510577,0.639053628,636.88,3.016874329,16.28432424,0.418000013
Chitima 4,Mozambique,0.060960311,1.551,0.002,0.710614673,13.61368703,13.39718595,0,0.000764507,-0.683256567,67.4,0.806605277,0.613360926,654.3714286,3.488533311,20.33483813,0.418000013
Chinthole 4,Mozambique,0.048394315,1.961,0.001,1.058483376,15.11672024,15.3066129,0,0.249851128,-0.683256567,67.4,0.657442258,0.748584772,645.921875,1.33929569,26.52794805,0.418000013
Chinthole 2,Mozambique,0.048008609,19.2,0.031,0.871788681,21.31378928,24.57226651,0,0.12711086,-0.683256567,67.4,0.52159687,0.898839528,689.8571429,2.920618162,13.38830575,0.418000013
Mphende,Mozambique,0.073203594,2.599,0.164,1.084201569,12.47172565,12.50650085,22.6992,3.062282912,-0.683256567,67.4,0.652238847,0.967907246,678.6285714,0.998093828,15.97049147,0.418000013
Magoe 3,Mozambique,0.070926452,8.351,0.122,0.542764711,13.11487262,16.52260483,14.0271,5.833772456,-0.683256567,67.4,0.692585302,0.456110629,715.1923077,1.253240669,13.75538098,0.418000013
Magoe 2,Mozambique,0.059814986,0.25,0.003,0.559092014,11.18816222,11.09758593,18.9495,7.901094454,-0.683256567,67.4,0.601971121,0.720755588,710.0869565,1.781777411,15.30287487,0.418000013
Makumbura 2,Mozambique,0.059488093,7.754,0.041,0.377274309,14.01326617,27.55488897,0.0804,0.990043907,-0.683256567,67.4,0.569056764,0.530901038,714.4615385,1.338669581,15.98519526,0.418000013
Magoe 5,Mozambique,0.065445857,0.366,0,0.570148526,11.29445007,15.66045947,0.0097,0.205949302,-0.683256567,67.4,0.985132678,0,720.3428571,0.439722813,18.0658648,0.418000013
Magoe 4,Mozambique,0.055720553,5.673,0.055,0.479806,12.84609509,17.70714703,5.00E-04,0.702720931,-0.683256567,67.4,0.926807951,0.262998447,693.1666667,0.363652973,18.49868323,0.418000013
Chimpembere,Mozambique,0.065658777,1.976,0.162,0.911499269,13.06145199,22.26741527,0,0.584045525,-0.683256567,67.4,0.528781326,0.36028522,549.5925926,3.084848695,31.68833486,0.418000013
Luenha,Mozambique,0.058414596,5.712,0.191,0.885094269,10.40731595,25.2062099,0.0143,1.186941011,-0.683256567,67.4,0.10926636,0.333053391,621.25,8.624238459,23.52060955,0.418000013
Metamboa,Mozambique,0.055698526,0.036,0,0.984086946,8.646329707,8.162578219,0,0.001204187,-0.683256567,67.4,0.099859052,0,900.6190476,0.060050256,37.0218886,0.418000013
Luangwa,Mozambique,0.055560996,0.925,0.002,1.053504375,12.77855653,7.76610582,0.0294,4.138303615,-0.683256567,67.4,0.485544605,0.833016416,749.7692308,0.058680273,32.55762778,0.418000013
Mecucoe,Mozambique,0.051689046,1.02,0.018,1.54723915,12.40910564,8.456857745,12.1106,2.044726461,-0.683256567,67.4,0.081067772,0.461587598,767.725,0.532886551,24.39467586,0.418000013
L2,Mozambique,0.052047497,0.034,0.011,1.353868003,8.073345767,5.221625343,0.059,0.175707265,-0.683256567,67.4,0.833518233,0.202633972,1241.11,0.359128601,58.0434449,0.418000013
L4,Mozambique,0.072052158,0.018,0.112,1.09630396,9.46817788,1.213597556,0.1104,0.957697122,-0.683256567,67.4,0.999999975,0.719015314,1222.182692,1.027165351,31.78769899,0.418000013
M,Mozambique,0.063406994,0.237,0,8.543089999,12.66251017,1.627091629,0,0,-0.683256567,67.4,1,0.62419764,1312.166667,19.17263063,59.66121231,0.418000013
L7,Mozambique,0.060759303,0.075,0.017,0.878842691,9.211918913,3.08255745,0.1658,1.101468325,-0.683256567,67.4,1,0.270160647,1176.990476,0.463965446,27.50072963,0.418000013
Niassa ext. east,Mozambique,0.06222392,0.094,0.003,0.85986094,10.63203763,1.268601727,0,0.006805451,-0.683256567,67.4,0.522633753,0.311152164,1113.165138,0.30323047,31.81737769,0.418000013
Niassa ext. west,Mozambique,0.044773805,0.01,0.001,0.816119208,7.656772044,5.477382535,0.0854,0.264961128,-0.683256567,67.4,0.480006102,0.586492743,1196.898551,0.648323599,50.44181734,0.418000013
R2,Mozambique,0.057735164,0.152,0.001,1.57431967,8.359847111,3.405385186,0.1249,0.213133678,-0.683256567,67.4,0.854599642,0,1226.798165,0.808577545,32.89567942,0.418000013
J,Mozambique,0.054330354,0.046,0,5.303356342,10.2022169,1.897851019,0,0,-0.683256567,67.4,1,0,1317.555556,17.62807332,64.12748165,0.418000013
L1,Mozambique,0.052274225,0.702,0.062,1.836034407,7.416646123,4.415172237,3.00E-04,0.012886531,-0.683256567,67.4,0.75296577,0.235745987,1293.719745,0.664941491,49.96773858,0.418000013
L3,Mozambique,0.06545068,0.02,0.002,1.07530655,8.880120681,1.68717771,0.1028,0.361324299,-0.683256567,67.4,0.999999937,0.662855271,1229.214286,0.618225983,37.14936381,0.418000013
L6,Mozambique,0.068851809,0.016,0.008,0.686252173,11.89159892,2.576779716,0.043,1.149472112,-0.683256567,67.4,1,0.416055075,1076.885714,1.594517625,29.42483351,0.418000013
R3,Mozambique,0.062390381,0.029,0.002,0.929900523,9.650720824,5.678994229,0.2844,0.749404465,-0.683256567,67.4,0.67372285,0.277045926,1181.261538,0.756209004,32.59056348,0.418000013
L5,Mozambique,0.066863496,0.038,0.016,0.835874684,11.40472321,1.638368413,0.0587,1.784141227,-0.683256567,67.4,1,0,1107.747126,2.030821745,23.87096964,0.418000013
L8,Mozambique,0.065399668,0.032,0,1.073810962,12.35680033,1.297464221,0.0313,1.034286534,-0.683256567,67.4,0.984158978,0.255690667,1068.39604,0.0564221,29.58978846,0.418000013
Niassa ext. central,Mozambique,0.053868481,0.108,0.007,0.794321183,9.335300964,5.056431926,0,0.039644953,-0.683256567,67.4,0.623748167,0.413221088,1175.337931,0.4350326,35.70685064,0.418000013
Marromeo Buffalo R,Mozambique,0.070010502,1.752,0,0.07295225,21.72519272,27.30373923,4.0519,1.642455632,-0.683256567,67.4,0.52125346,0.309261981,1081.87395,0,7.497600208,0.418000013
Q1,Mozambique,0.060014663,0.216,0.145,1.072055683,12.73561179,15.08496192,0,0.164771931,-0.683256567,67.4,0.948062909,0.288759698,1075.266376,0.424779885,43.54093504,0.418000013
Q2,Mozambique,0.061796926,1.652,0.249,0.946864282,14.58480104,39.87127985,18.0715,2.317001317,-0.683256567,67.4,0.702395743,0.299578902,1014.166078,0.111640506,30.757424,0.418000013
corridor,Mozambique,0.075615868,0.029,0.038,0.915930305,13.97349732,3.707307032,0,0.191979431,-0.683256567,67.4,0.511303962,0.280710821,1053,0.014189922,39.96043111,0.418000013
Limp. ext.,Mozambique,0.082635253,0.39,0.028,0.682741457,9.912017437,5.330755072,3.8775,1.136398459,-0.683256567,67.4,0.550110412,0.242528525,565.8026316,3.210062591,21.32112227,0.418000013
Limp. east,Mozambique,0.06268445,7.558,0.093,0.475815116,13.00364546,6.220139128,0.0293,1.011694105,-0.683256567,67.4,0.406772373,0.21834257,470.1957295,0.199232608,29.99569122,0.418000013
Limp. north,Mozambique,0.100727499,2.826,0.054,0.874925785,11.28634491,2.919322787,0.002,1.029903185,-0.683256567,67.4,0.547087756,0.426254626,434.8625,0.216534218,38.48946448,0.418000013
Limp. ext. 1,Mozambique,0.106577507,3.514,0.007,0.809128002,19.94286026,3.985060087,4.00E-04,0.025204919,-0.683256567,67.4,0.550110412,0.407238345,638.0444444,0,22.49711462,0.418000013
MaputoSR,Mozambique,0.070328932,1.266,0.054,0.529324133,12.91587422,18.48755843,14.61,3.296,-0.683256567,67.4,0.043060572,0.82,798.3584906,1.71143633,35.88216347,0.418000013
Limp. west,Mozambique,0.068299828,2.704,0.036,0.854436556,14.40697973,3.140062833,2.4449,0.79249075,-0.683256567,67.4,0.9203072,0.0651749,473.9583333,0.264634178,29.71043103,0.416997922
Kwando_namibia,Namibia,0.063548808,1.226,0.029,0.08723328,7.782763392,2.930601528,0.332,1.498,0.190705533,76.6,0.579343001,0.82,568.8130841,1.570036429,15.23122066,0.644142845
Buffalo_MahangoNP,Namibia,0.066972728,4.684,0.158,0.198529047,5.224073247,3.47432179,0.431,0.901,0.190705533,76.6,0.357878497,1.91,570.3428571,2.790912654,17.15111448,0.643624987
Salambala_Impalila,Namibia,0.054896229,0.693,0.535,0.068674952,11.84744463,5.44037258,1.241,40.567,0.190705533,76.6,0.269781889,1.43,635.2131148,4.868005735,9.02464102,0.643624987
Bwabwata,Namibia,0.074280322,0.153,0.009,0.104115311,5.623683621,0.751559539,0,0,0.190705533,76.6,0.859146163,0.7,568.9381443,0.972548617,16.59189715,0.64118366
Susuwe,Namibia,0.077044061,0.503,0.008,0.19362465,6.621645549,2.635439973,0.009,0.504,0.190705533,76.6,0.602481167,1.47,593.6981132,3.21677861,18.43225523,0.639999986
Zambezi_South,Namibia,0.058460676,1.586,0.07,0.05173044,10.07849565,4.519006839,0.61,7.105,0.190705533,76.6,0.106321318,0.42,596.6447368,1.821451838,16.40951798,0.639999986
Zambezi_North,Namibia,0.071854121,1.614,0.282,0.122526036,9.274249106,7.433211099,0.731,10.078,0.190705533,76.6,0.254027132,0.52,642.6820084,1.20074423,21.4746051,0.639999986
Etosha,Namibia,0.166576747,0.111,0.005,0.160729973,12.45580974,0.974261674,0.002,13.694,0.190705533,76.6,0.251893505,0.26,408.353045,0.071728654,3.225026752,0.639999986
Akagera,Rwanda,0.093411909,8.586,0.099,2.2311033,19.0022779,145.4529568,10.769,1.307,-0.160670267,57.4,-8.84E-14,0.93,963.212766,0,14.80186126,0.497999996
Kalahari Gemsbok National Park,South Africa,0.077896243,0,0.003,0.162720949,6.132811938,0.107136875,0,0,0.13887075,63.2,0.564042117,0.298004901,227.965587,0,2.413849813,0.691784422
Mokala National Park,South Africa,0.105120314,0.105,0.007,0.700163723,12.13010794,7.170443448,0,0,0.13887075,63.2,-6.66E-16,2.341034825,405.5882353,0,3.603784085,0.690954447
Kruger National Park South,South Africa,0.10388306,0.249,0.036,1.227786998,11.50259345,91.55062565,0.0764,0.293749861,0.13887075,63.2,0.298264567,0.757210138,673.4583333,0,16.112228,0.654169381
Kruger National Park central,South Africa,0.107142165,0.01,0.01,0.756333518,16.22238458,15.80831951,0.0258,0.199312881,0.13887075,63.2,0.657654118,0.657436057,583.129771,0,10.70431205,0.6468979
HiP,South Africa,0.153673665,0.087286119,0.005978501,2.500721604,11.75630369,89.01153776,0.107,0.609,0.13887075,63.2,0.02964752,8.45E-06,892.13,2953.14722,17.8549496,0.635424137
Mountain Zebra National Park,South Africa,0.091914598,0.007,0.014,4.559731882,19.54679262,13.44279326,0.0087,0.061525186,0.13887075,63.2,0.009038812,1.267882768,470.3333333,0,2.867834395,0.622322619
Addo Elephant Park,South Africa,0.10040702,1.003,0.002,3.585024735,16.10591525,90.54606088,11.5392,0.338902959,0.13887075,63.2,2.52E-07,1.450262937,825.2222222,0,22.98594696,0.622322619
Marakele National Park,South Africa,0.073925722,4.875,0.006,4.663113205,10.59843347,11.09463906,0,0,0.13887075,63.2,0.040405297,3.981657189,642.7272727,0,22.87277982,0.598941445
Kruger National Park North,South Africa,0.105555036,0.014,0.009,0.760431529,16.23382856,19.73732395,0.0608,0.431592538,0.13887075,63.2,0.724988121,0.740142187,502.3859649,0,14.15131194,0.587203063
Kruger National Park Far North,South Africa,0.129852677,0.021,0.001,0.715276363,19.27853934,21.7019555,0.0077,0.313676698,0.13887075,63.2,0.522394286,0.726955835,493.1962963,0,21.59488406,0.585822077
Mikumi National Park,Tanzania,0.075423492,5.58,0.093,1.923689051,12.92479422,27.23256998,0.021,0.079,-0.461082533,70.7,0.220428673,0.3,1152.322148,0.061167588,51.58053331,0.531000018
SelousGR,Tanzania,0.066053651,0.967,0.005,1.195091664,11.06255037,6.605087593,0.169,0.756,-0.461082533,70.7,0.350491979,0.03,1199.657383,0.481462727,40.61617727,0.531000018
Selous_Niassa_Corridor,Tanzania,0.054794492,0.683,0.12,1.291777102,8.239889782,9.493687533,0.077,0.203,-0.461082533,70.7,0.254213328,0.08,1142.946048,0.809286232,41.59392227,0.531000018
NgarambeTapikaWMA,Tanzania,0.083621731,0.424,0.034,1.066725327,11.84271503,7.789532177,0.166,0.942,-0.461082533,70.7,0.578744257,0.49,1090.145833,2.04710215,36.4811307,0.531000018
KilomberoGCA,Tanzania,0.070716377,33.404,0.864,0.139674089,17.72808701,42.4014666,0.193,7.992,-0.461082533,70.7,0.169846343,0.19,1365.668367,1.273543925,11.43081462,0.531000018
TarangireNP,Tanzania,0.103960656,26.684,0.046,0.950049452,19.59177807,28.8309943,0.055,1.774,-0.461082533,70.7,0.431202645,0,713.6178862,0.991862948,9.152344509,0.531000018
Simanjiro,Tanzania,0.104895042,44.047,0.064,1.002984552,21.15401441,12.35774732,0.007,0.089,-0.461082533,70.7,0.224202879,0.02,682.4390244,4.50471088,9.957540612,0.531000018
Lolkisale,Tanzania,0.093411245,34.612,0.054,1.386879052,20.02310937,20.82609428,0,0.018,-0.461082533,70.7,0.536987272,0,751.8510638,25.03517232,4.748069498,0.531000018
Mkungunero,Tanzania,0.118257434,56.163,0.469,0.83083321,17.75869789,32.64718378,0.003,0.401,-0.461082533,70.7,0.02968964,0,662.1304348,15.23000679,7.29455978,0.531000018
MakameWMA,Tanzania,0.078782648,20.673,0.079,0.807676067,14.9970833,11.64672748,0,0.177,-0.461082533,70.7,7.22E-15,0.64,597.4759615,4.546777567,18.57243286,0.531000018
KwaKuchinja,Tanzania,0.094368472,11.209,0.777,0.438607598,27.39910192,48.16780006,10.592,10.705,-0.461082533,70.7,0.073989428,2.46,640.7,31.12293959,4.796858775,0.531000018
BurungeWMA,Tanzania,0.08659101,12.19,0.404,0.263541287,19.64056648,52.49275394,16.738,14.669,-0.461082533,70.7,0.063508012,1.56,678.25,31.72595512,6.140357496,0.531000018
LakeManyaraNP,Tanzania,0.113084964,6.067,0.794,0.100902134,27.52309142,66.92280762,51.972,16.518,-0.461082533,70.7,0.320286152,0,629.3333333,0,4.610524091,0.531000018
Kibaoni,Tanzania,0.066166596,17.988,2.198,0.797945838,16.97315436,68.32472201,0.121,5.183,-0.461082533,70.7,0.112880477,5.62,741.125,171.0303901,11.42518307,0.531000018
MtoWaMbu,Tanzania,0.104959106,6.477,0.407,2.223956606,29.104763,35.233077,0.437,4.157,-0.461082533,70.7,0.151283469,0.24,600.9411765,24.70059531,4.231001751,0.531000018
KVCA,Uganda,0.056769183,1.011,0.004,2.23629857,27.72669815,32.5620135,0,0.000492361,-0.3711146,81.4,0.501631875,0.325810147,779.7903226,8.132682099,15.94114664,0.493000001
Ishasha,Uganda,0.042153407,12.092,0.016,0.800883701,25.92472813,167.8414325,10.2538,0.133820789,-0.3711146,81.4,0.645083458,1.009203274,992.9,1.195571253,35.66722624,0.493000001
QENP North,Uganda,0.062052281,11.176,0.413,0.819572437,34.28084106,174.3858665,16.275,0.533743589,-0.3711146,81.4,0.362791867,0.537957997,916.7101449,1.541634488,22.46746031,0.493000001
MFNP,Uganda,0.033117734,13.206,0.163,0.988487978,16.25908559,93.67166959,2.7247,0.613921851,-0.3711146,81.4,0.228439349,0.323296352,1187.088652,0.540253005,34.35481021,0.493000001
KC,Zambia,0.049727776,0.234,0.002,0.43596043,10.41355717,6.744757146,1.9225,1.744860613,-0.340949783,90.4,1,0.228079367,892.4965157,0.14745107,33.90021336,0.578999996
KA,Zambia,0.045049346,0.709,0.035,0.415510921,8.92594765,6.679055239,0,0.013853483,-0.340949783,90.4,0.676656978,0.09320797,893.2174419,1.74388313,41.39436764,0.578999996
KD,Zambia,0.045557386,0.191,0.002,0.486967049,11.96993071,5.806646025,0.4077,0.289747344,-0.340949783,90.4,1,0.37042081,974.6863905,0.335267418,34.66447497,0.578999996
KB,Zambia,0.04358457,5.441,0.127,0.630780386,10.11451871,9.189650462,0.9141,0.617111864,-0.340949783,90.4,0.805172898,0.376208079,918.0168634,2.649153638,41.45833937,0.578999996
LC,Zambia,0.048599762,3.944,0.08,0.555427927,13.20868663,9.896261066,0.011,1.15874446,-0.340949783,90.4,1,0.191948,883.4363296,0.436881526,22.0795614,0.578999996
LA,Zambia,0.039824225,1.822,0.004,1.608329292,10.33003669,7.292516229,3.00E-04,0.201142228,-0.340949783,90.4,0.820086119,0.044001255,899.1143617,0.007896509,40.85731038,0.578999996
LB,Zambia,0.0497066,1.664,0.119,0.890005568,11.96729721,18.12003209,8.00E-04,0.250269123,-0.340949783,90.4,0.951911433,0.447092876,887.6100746,1.333415956,28.68812477,0.578999996
LD,Zambia,0.052433126,0.106,0.004,1.172887584,7.630504499,18.84539958,0,0.011802265,-0.340949783,90.4,0.594348556,0.136191061,878.496063,0,36.4309377,0.578999996
SIA,Zambia,0.068219128,0.055,0.014,0.061974752,12.91644942,6.31249247,0,0.202545422,-0.340949783,90.4,0.999233918,0.288928621,688.4634146,0,20.83862562,0.578999996
SIB,Zambia,0.076340209,0.267,0.039,0.10243176,12.4919944,5.182886437,0.0084,0.407253852,-0.340949783,90.4,0.955568643,0.354581838,653.51,0.056750151,22.42176777,0.578999996
Liuwa_plain,Zambia,0.041755541,0.12260503,0.041351993,0.07595463,13.77651442,6.099145724,0.03,11.218,-0.340949783,90.4,1,0,1053.3,512.45648,7.168912007,0.578999996
Lzam,Zambia,0.060080415,3.061,0.212,1.295368708,12.10099173,18.96550752,2.8581,1.567906874,-0.340949783,90.4,0.913897723,0.631964278,700.5419847,1.664657401,31.13607015,0.569242421
Mana I,Zimbabwe,0.085704719,4.219,0,0.339632175,12.59901203,21.14473869,8.7523,2.48459933,-1.593466333,87,0.983153667,0.722289385,686.6666667,0,21.59901932,0.547499985
Sapi North,Zimbabwe,0.057735145,1.301,0,0.835359064,9.652583142,16.05276343,6.3044,1.778460533,-1.593466333,87,0.999715894,1.191271284,699.8,10.70700794,23.65973172,0.541199982
Zambezi NP,Zimbabwe,0.056183026,0.41,0.019,0.94634053,10.34591989,61.06858028,2.2019,1.604344504,-1.593466333,87,0.558036192,0.436981582,680.1071429,0.748668865,31.04162637,0.524999976
Dzivanini,Zimbabwe,0.050452236,0.033,0,0.144601883,7.062961973,6.421715484,0,0.008088245,-1.593466333,87,0.801515419,0.55988757,472.9519231,0.116947524,14.55847491,0.522999974
Hurungwe,Zimbabwe,0.076274139,2.195,0.003,0.503421684,11.00621637,26.39895143,1.837,0.608339074,-1.593466333,87,0.910876985,0.46540867,685.5344828,2.781475099,26.35898921,0.519937474
Mana II,Zimbabwe,0.067998014,2.82,0.001,0.511748411,11.37410948,22.17718825,0.1577,0.055350881,-1.593466333,87,1,0.644146634,701.6617647,0.424261916,26.44412294,0.515999973
Chisunga,Zimbabwe,0.062672711,9.999,0.006,0.791194857,11.10014023,22.27655411,0.001,0.382863318,-1.593466333,87,0.773040612,0.579769821,674.6190476,8.443094463,18.97413184,0.515999973
Kadze East,Zimbabwe,0.062061882,26.152,0.003,0.339955392,13.4259482,24.89295599,0,0.273334491,-1.593466333,87,0.447735654,0.655473126,744.65,14.09432005,10.91086197,0.515999973
Hurungwe I,Zimbabwe,0.054993828,2.18,0,4.151671806,11.26521133,27.96233015,0.377,0.308062502,-1.593466333,87,0.833736597,0.507864802,735.34375,3.420212917,23.19564653,0.515999973
Marongora (Hurungwe II),Zimbabwe,0.052493714,7.205,0,3.990819175,10.11322107,21.01098784,0.0079,0.0235846,-1.593466333,87,0.95996017,0.9021748,747.8333333,8.383703457,18.86259151,0.515999973
Mana Escarpment,Zimbabwe,0.071660163,4.213,0,3.557697367,10.3296748,21.56733985,0,0.006344516,-1.593466333,87,0.970400384,0.744715231,759.1304348,0.84547708,20.14210433,0.515999973
Chewore IV Escarpment,Zimbabwe,0.055632315,1.308,0,4.054234564,10.01564987,21.8081231,0,0.037790213,-1.593466333,87,1,0,741.7555556,6.950768345,25.68281285,0.515999973
Chewore II Hills,Zimbabwe,0.059836714,1.692,0,5.347941027,11.22346534,18.57366776,0.6676,0.193102908,-1.593466333,87,0.998675811,0,717.425,2.162612864,27.07110439,0.515999973
Mukwiche,Zimbabwe,0.060823651,0.55,0,3.411117767,10.48717949,21.93766701,0.001,0.075048304,-1.593466333,87,0.732900515,0,788.7333333,6.17869997,30.84920992,0.515999973
Kanyurira Highlands,Zimbabwe,0.058946281,10.668,0,3.230629146,11.04782237,22.2375816,0,0.202746389,-1.593466333,87,1,0,770.8571429,27.53051214,14.87245019,0.515999973
Doma,Zimbabwe,0.057264216,0.713,0,3.867939906,9.96645768,26.0152392,0.016,0.054071764,-1.593466333,87,0.500398795,0.807548569,798.3191489,4.771182071,31.5271344,0.515999973
MWA high density,Zimbabwe,0.047615967,1.03,0,5.2413199,10.06688044,41.00800817,0.0256,0.065409819,-1.593466333,87,0.658592725,0.389353616,857.0666667,16.75284328,42.99872346,0.515999973
MWA low density,Zimbabwe,0.052807454,4.827,0,7.034376901,12.34081532,39.08447819,0.0103,0.016197727,-1.593466333,87,0.55615578,0.280921618,858.5294118,21.5236262,30.44053581,0.515999973
Sapi South,Zimbabwe,0.056251389,0.327,0,0.798670128,10.56336478,19.88444308,0,0.001512602,-1.593466333,87,1,1.139301304,712.027027,3.073908782,28.31208566,0.515999973
North Charara,Zimbabwe,0.056697592,4.668,0.1,2.248420616,11.51647693,25.60471483,6.0188,1.761693903,-1.593466333,87,0.981979045,0.922832827,757.3714286,3.700415551,21.81874742,0.515999973
South Charara,Zimbabwe,0.050813603,1.28,0.001,3.200403198,11.33708092,22.87084322,5.8032,2.112102234,-1.593466333,87,0.873162557,0.451666798,775.2093023,1.954278545,26.6103605,0.515999973
Rifa,Zimbabwe,0.05599087,1.632,0.042,0.877503995,11.37049725,35.30966309,2.438,0.649560304,-1.593466333,87,0.653530388,1.059863615,691.875,4.714031702,30.4718111,0.515999973
Chewore I,Zimbabwe,0.053122681,0.569,0,1.738938197,10.29827328,18.92457166,0.6242,0.194613218,-1.593466333,87,1,0.193656774,737.972973,4.55106379,23.19458508,0.515999973
Kanyurira,Zimbabwe,0.06316898,7.665,0,1.023203799,10.26937046,22.03028478,0,0.639473193,-1.593466333,87,1,0,753,27.96373639,18.07512983,0.515999973
Chewore III,Zimbabwe,0.054400468,1.103,0.001,0.91399854,10.82797283,21.75437213,0,0.134429712,-1.593466333,87,1,0.66105699,763.7254902,4.165035623,22.36579076,0.515999973
Chapoto,Zimbabwe,0.043056298,5.122,0,1.701877399,9.423171003,16.01519434,1.5403,0.863669899,-1.593466333,87,0.905569826,0.35206211,488.9251337,14.27880703,18.87229186,0.515999973
Kadze West,Zimbabwe,0.064508815,8.662,0.002,0.414757125,12.77077847,21.24946818,0.0012,0.16801702,-1.593466333,87,0.897204185,1.044265642,735.1481481,16.59553047,15.23401189,0.515999973
Dande,Zimbabwe,0.05358533,0.818,0,1.373228429,10.21832986,20.81921772,0,0.254818666,-1.593466333,87,0.971577627,0.543241008,736.6041667,7.006170765,23.71975647,0.515999973
Matusadona East,Zimbabwe,0.038310161,2.082,0,0.713938239,10.22634172,4.914901913,27.8617,8.745310161,-1.593466333,87,1,0.946809643,721,0,17.39118092,0.515999973
Gatche Gatche,Zimbabwe,0.044392786,6.655,0,1.143193728,12.11555169,7.048639873,19.744,11.71928175,-1.593466333,87,0.940100801,2.737076222,746.8,39.8132065,23.97606128,0.515999973
Chireya North,Zimbabwe,0.035458496,37.048,0,1.042095854,7.584012813,29.40296083,0,0.003546222,-1.593466333,87,0.930770864,1.276560883,560.4464286,19.41064394,19.37527975,0.515999973
Nenyunga,Zimbabwe,0.039925377,6.899,0,2.072455877,9.091702504,27.27755737,1.00E-04,0.036632342,-1.593466333,87,1,0.883727657,715.72,19.72189533,26.91695324,0.515999973
Matusadona West,Zimbabwe,0.050515904,1.717,0,0.985827492,9.736694678,6.626013463,14.1573,6.042652689,-1.593466333,87,0.999946484,2.838305141,720.2,0,18.30534199,0.515999973
Mwenda,Zimbabwe,0.047815455,9.254,0.003,1.818985908,10.56594866,9.114195064,11.1772,5.614798279,-1.593466333,87,0.923921494,0.511075825,732.5909091,7.079364304,23.0912837,0.515999973
Sibilobilo,Zimbabwe,0.059754494,5.898,0.035,1.08628994,12.65405789,8.09595159,22.1158,6.172391341,-1.593466333,87,0.902272093,0.249088254,722.1052632,2.571645339,16.49462247,0.515999973
Sampakaruma,Zimbabwe,0.03884693,10.671,0.001,1.494449937,8.099835921,18.85589726,0.0035,0.062286278,-1.593466333,87,0.999406079,0.668966325,737.9607843,2.086127454,23.30396089,0.515999973
Kanyati Highlands,Zimbabwe,0.040901652,1.819,0,3.524958069,10.56147125,10.82914801,3.7547,1.408492402,-1.593466333,87,0.967312727,0.158829761,764.0714286,1.719511774,26.40278564,0.515999973
Sijarira FA,Zimbabwe,0.05340142,1.213,0,1.283941801,7.005826657,14.33575497,16.7723,1.934591265,-1.593466333,87,0.936163213,0.664439211,736.2666667,16.23672578,24.47758354,0.515999973
Matusadona Highlands,Zimbabwe,0.04078231,0.556,0,3.935276647,9.825125753,9.588576133,1.8477,0.482947526,-1.593466333,87,0.981526298,0.097417652,756.1875,0.098762202,29.28529754,0.515999973
Siabuwa West,Zimbabwe,0.048664314,27.669,0,1.780424249,7.636930269,13.60880847,0,0.013790154,-1.593466333,87,1,0.782431296,712,15.03497966,18.26292917,0.515999973
Chizarira West,Zimbabwe,0.050740414,1.175,0,2.142583217,8.936322049,14.17984709,0,0.00111571,-1.593466333,87,0.995002447,0.624608716,717.2391304,1.079657497,28.93987021,0.515999973
Siabuwa East,Zimbabwe,0.043059558,18.166,0.002,1.954130837,8.646354996,16.31509125,0.0111,0.061880852,-1.593466333,87,1,0.589420869,713.1269841,4.684388368,21.10049484,0.515999973
Chizarira East,Zimbabwe,0.049622639,0.301,0,2.434902081,9.928083075,20.92385065,1.00E-04,0.022274493,-1.593466333,87,1,0.046153161,570.5,0.652049282,36.24516861,0.515999973
Chete East,Zimbabwe,0.052523794,0.178,0,1.999673086,11.249001,12.27877984,10.0705,1.182579413,-1.593466333,87,1,0,585.8867925,7.829728174,29.29934127,0.515999973
Chete West,Zimbabwe,0.046190718,1.352,0,1.731025757,7.692080378,12.96863766,8.6854,1.075379115,-1.593466333,87,0.981305837,0.733296492,752.1666667,8.360474557,24.65703712,0.515999973
Mapongolas,Zimbabwe,0.043031059,2.907,0,3.422637629,12.7694859,9.078403975,0.1795,0.644051016,-1.593466333,87,0.999153065,0.58425011,727.7777778,4.458110378,23.96224964,0.515999973
Chireya South,Zimbabwe,0.05102626,45.672,0,0.953701868,11.19248508,38.33404945,0.0014,0.016361845,-1.593466333,87,0.556371978,0.476086542,745.1904762,10.73866973,13.84138796,0.515999973
Negande,Zimbabwe,0.039576597,1.737,0.008,1.954820765,8.402696314,15.81334718,0.0095,0.013830549,-1.593466333,87,1,0.86085804,719.4705882,3.024703944,23.11412752,0.515999973
Chirisa Gadzi,Zimbabwe,0.052607854,5.501,0,1.07293151,7.850176857,35.6911769,0.003,0.018387975,-1.593466333,87,0.731445502,0.909388327,731.75,12.62518957,22.49263678,0.515999973
SWRA,Zimbabwe,0.053319011,5.33,0,1.336540332,9.681742044,30.14660045,0,0.002455544,-1.593466333,87,0.55147295,0.519217729,659.9375,15.0674099,19.55020998,0.515999973
Busi,Zimbabwe,0.051402138,2.08,0,0.89276223,10.69630566,23.54626227,0,0.000379127,-1.593466333,87,0.994753222,0.975371736,866.3559322,4.931347045,27.65923988,0.515999973
Chirisa Sengwa,Zimbabwe,0.049639045,4.018,0,1.351271145,8.662441527,30.68279066,0,0.005961735,-1.593466333,87,0.95687818,0.574127279,697.2222222,18.6725446,23.088747,0.515999973
Simchembo,Zimbabwe,0.04865024,56.328,0.012,0.991830112,13.3151054,30.73029809,1.00E-04,0.027243345,-1.593466333,87,1,0.916823741,695.8378378,22.6449043,10.45250282,0.515999973
Lusulu,Zimbabwe,0.051350561,29.467,0.004,1.20651381,9.446486738,17.32176,0.0023,0.007619285,-1.593466333,87,0.998927969,1.362247501,666.7,13.03480023,18.58725351,0.515999973
SVC South West,Zimbabwe,0.122957794,44.624,0,0.761127819,14.57883636,32.93634059,0.0164,0.153367927,-1.593466333,87,0.623412603,0.489807355,604.1818182,7.431931492,20.40235279,0.515999973
Chilojo B,Zimbabwe,0.087849228,0.081,0,0.935113791,12.37621812,15.87079061,0.0193,2.056714296,-1.593466333,87,1,1.142368888,549.6086957,0,18.45708347,0.515999973
Chipinda Pools,Zimbabwe,0.114512068,0.625,0,1.161463682,18.93451307,24.19612469,0.0564,2.021447004,-1.593466333,87,0.933592429,0,657.1489362,0,12.42288813,0.515999973
Mabalauta NP,Zimbabwe,0.066331356,0,0,0.687784616,12.09065765,18.24719694,0.0146,0.35493427,-1.593466333,87,0.764696601,1.174241762,533.575,0,25.59892945,0.515999973
SVC North East,Zimbabwe,0.072403406,3.169,0,0.538412774,11.02396417,49.95009428,0.1235,1.344407554,-1.593466333,87,0.518853152,0.563395419,486.9285714,10.66525743,18.9959256,0.515999973
Malapati,Zimbabwe,0.053987388,0.006,0,0.865851886,18.76576259,20.27829559,0.0401,0.801944144,-1.593466333,87,0.79825227,1.394631263,507.25,16.53768437,32.72511456,0.515999973
Naivasha,Zimbabwe,0.087159609,0,0,0.777777007,12.01522134,15.88138702,0,0.000372946,-1.593466333,87,0.897885576,1.18500609,578.3953488,0,26.24266549,0.515999973
Chilojo A,Zimbabwe,0.08192229,0,0,1.036935327,16.78920344,20.00848445,0.0691,0.671063536,-1.593466333,87,0.688847862,1.055647229,780.375,0,20.46048807,0.515999973
SVC North West,Zimbabwe,0.082818472,2.953,0.009,0.839779073,10.99068924,39.66096536,0.0419,0.175698534,-1.593466333,87,0.643133277,1.278024073,546.44,18.01721591,31.23247769,0.515999973
SVC South East,Zimbabwe,0.11765314,14.019,0.017,0.45794974,15.65335413,36.20113059,0.0208,0.882285867,-1.593466333,87,0.443930841,0.570338946,567.244898,5.388890804,24.15982231,0.515999973
Chitsa S,Zimbabwe,0.148428224,32.434,0,0.578599855,41.81942544,25.81127775,0,0.01252908,-1.593466333,87,0.781946364,0,670.1290323,0,8.528152456,0.515999973
Dandari,Zimbabwe,0.073116078,0.118,0,0.208905057,8.161854512,2.830007352,0,0.028591701,-1.593466333,87,0.999974102,0.818092445,558.28125,0,23.67943945,0.515999973
Main Camp,Zimbabwe,0.06662712,0.073,0.047,0.195816014,6.529649394,3.354432581,0,0.003427126,-1.593466333,87,0.984074295,0.815541121,608.0625,0,30.8087931,0.515999973
Central B,Zimbabwe,0.062068692,0.027,0,0.118660353,6.142784516,3.827370729,0,0.000581603,-1.593466333,87,1,0.273776617,556.3076923,0,25.64504515,0.515999973
Central A,Zimbabwe,0.068035824,0.007,0,0.176158735,6.288672351,4.559865012,0,0.000631723,-1.593466333,87,1,1.494658852,668.1428571,0,25.68217851,0.515999973
Maitengwe,Zimbabwe,0.062770272,1.275,0,0.116185897,16.00452253,13.38696895,3.00E-04,0.080547388,-1.593466333,87,0.740934951,0.545574555,486.2222222,5.011746477,17.33739807,0.515999973
Panda Masuie,Zimbabwe,0.056632671,0.071,0,0.257071452,8.072069711,15.71029444,0.0225,0.033539489,-1.593466333,87,0.824536799,0.514586275,641.4347826,1.71476329,28.15697197,0.515999973
Matetsi,Zimbabwe,0.069934921,1.271,0,0.828637191,29.81177736,4.356807228,0.0061,0.0148661,-1.593466333,87,0.731341971,0.674057724,617.7878788,3.783778861,11.57418226,0.515999973
Zanguja,Zimbabwe,0.060468672,0.891,0,1.099633758,29.71659292,7.253185581,0.009,0.025322443,-1.593466333,87,0.829601174,0.338106326,632.2682927,2.150373276,10.58329485,0.515999973
Robins,Zimbabwe,0.076208927,2.123,0,0.619658927,21.67211102,2.611637601,0.0017,0.039617141,-1.593466333,87,0.920136271,1.169667717,583.2307692,0,14.91259965,0.515999973
Shakwanki,Zimbabwe,0.053406228,0.018,0,0.148469809,6.998574919,3.478364776,0,0.000288268,-1.593466333,87,0.90191116,0.848167106,495.8173077,0,17.60439847,0.515999973
Sinamatella,Zimbabwe,0.05054242,1.163,0.002,1.042343785,10.50551721,9.962376234,0.0239,0.045834027,-1.593466333,87,0.855934228,0.770991463,593.8767123,0.511193688,22.87373622,0.515999973
Mtoa,Zimbabwe,0.067280606,0.093,0.006,0.449761321,7.563139156,3.147454494,0,0.0195632,-1.593466333,87,0.907124889,1.002123779,604.5609756,0.213415532,28.60571938,0.515999973
Shapi,Zimbabwe,0.065648742,0.028,0,0.152767034,6.81426225,2.890805447,0,0.003119463,-1.593466333,87,1,0.990634043,561.9545455,0,24.45256401,0.515999973
Ngamo,Zimbabwe,0.069968079,0.346,0,0.174465464,5.479964756,8.688881103,0,0.005329738,-1.593466333,87,1,0.957135489,581.2345679,0,22.34590709,0.515999973
Tsholotsho North,Zimbabwe,0.068087577,11.811,0,0.171659821,6.058719906,12.8877457,0,0.001737577,-1.593466333,87,0.756419912,0.860835724,563.7916667,7.890780322,29.39247158,0.515999973
Kazungula,Zimbabwe,0.053371762,0.515,0.024,0.951654806,10.24905988,10.73019825,2.4003,1.458238638,-1.593466333,87,0.740900713,0.977114166,654.7272727,3.805529476,29.44809479,0.515999973
Kazuma,Zimbabwe,0.083734448,0.802,0.002,0.30646849,19.07412445,2.411103839,0,0.004184142,-1.593466333,87,0.882259802,0.957102937,598.5,2.535319267,19.29280475,0.515999973
Rosslyn,Zimbabwe,0.062764995,3.442,0,0.530876365,25.44860315,2.508169048,6.00E-04,0.009234873,-1.593466333,87,0.745910806,1.72452148,584.7777778,11.86340384,16.37176486,0.515999973
Tsholotsho East,Zimbabwe,0.053912927,1.449,0,0.105318248,8.742074337,11.54363205,0,0.009599412,-1.593466333,87,0.885024017,0.64790594,486.0444444,7.450122232,19.49564653,0.515999973
Ngamo Forest,Zimbabwe,0.074225578,0.523,0,0.329001439,6.150425532,10.96154811,0.0326,0.024815644,-1.593466333,87,0.571397858,0.343972031,613.6491228,1.855571165,27.57425095,0.515999973
Sikumi Forest,Zimbabwe,0.058401221,0.119,0.027,0.447674675,5.674398533,6.357904012,5.00E-04,0.011306109,-1.593466333,87,0.547561418,0.594673504,643.2982456,2.107379503,37.74991822,0.515999973
Chefu,Zimbabwe,0.092834694,0.002,0,0.470982504,11.50416641,15.85962716,0,0.002739905,-1.593466333,87,0.792224388,0.301808723,702.0833333,0.49731789,27.00500868,0.507833309
Mahenye,Zimbabwe,0.089726598,3.409,0,1.283034,17.95849915,28.21060161,0.0342,2.198066244,-1.593466333,87,0.69175115,0.032967416,564.5833333,58.71036109,32.88789215,0.466999993
Border Maunge,Zimbabwe,0.131521741,0,0,0.504128319,11.3319832,8.779245821,0,0.000409931,-1.593466333,87,0.682378009,0.979459829,520.6,1.248121688,34.984194,0.418000013
North Border,Zimbabwe,0.106583604,0.044,0.021,0.500523163,11.90437342,10.38062557,0.0012,1.040631564,-1.593466333,87,0.540378586,0.922634572,568.3333333,0.774449825,31.32901974,0.418000013
Border Chefu,Zimbabwe,0.126308515,0,0.014,0.610544709,12.33918571,9.772032296,0,0,-1.593466333,87,0.495605798,0.261153802,613.6705882,4.615184192,33.16405377,0.418000013
