Region,non_ruminants_rcp4.5,non_ruminants_rcp8.5,browser_rcp4.5,browser_rcp8.5,SNSBrowsers_rcp4.5,SNSBrowsers_rcp8.5,mixed_feeder_rcp4.5,mixed_feeder_rcp8.5,grazer_rcp4.5,grazer_rcp8.5,elephant_rcp4.5,elephant_rcp8.5
East Africa,12.54153258,18.54367263,0,0,0,0,0.96717262,0.9806366,-1.613544466,-1.613544466,0,0
East Africa,-35.59682727,-1.295029342,-7.1467591,-7.1467591,0.001294971,0.001294971,2.50105286,5.19759179,0,0,0,0
East Africa,8.63228475,9.98456814,0,0,0,0,1.16144752,1.47195625,-3.987663268,-3.504169468,0,0
East Africa,-6.48841857,14.20889278,-0.5564423,0,0.001107097,0.001107097,0.4144249,0.42711258,-11.85083382,-11.79894632,0,0
East Africa,-9.485680145,1.891759415,-3.0498658,-0.7087403,-0.001865328,-0.001293361,-11.43189048,4.281087881,-8.839420318,-13.57660294,0,0
East Africa,5.149623111,68.58684274,0,0,0,0.000349998,0.40542984,0.4395771,2.733660698,57.22974157,-797.954102,323.743652
East Africa,-4.87461665,68.75879761,0,0,0,0.000349999,-0.28938293,0.21339417,8.043457031,37.92062616,-366.0340881,305.8672481
East Africa,-12.19155884,-13.21013642,0,0,0,0,0.02117539,0.2610817,25.56985044,63.03408599,0,0
East Africa,1.5666657,-0.3086243,0,0,0,0,-0.14092255,-0.02171135,0,-3.006011963,0,0
Central Africa,1.1156006,-429.7701111,0,0,0.224811494,0.409334659,0,0,0,0,0,0
East Africa,-105.2399349,-102.1289158,-11.1927491,-11.1927491,0,0,-14.95644951,-2.41855049,-503.1024514,-485.0272942,910.300293,784.861816
Central Africa,19.34749324,14.89598377,0,0,0.134577691,0.249309837,0,0,-149.0750732,-154.2050781,-236.480468,-726.066772
Southern Africa,-61.67916006,-33.28107932,-35.70598123,-49.3066973,0,0,1.810729026,-9.053666115,-822.2773981,-1021.247051,-5152.7041,-7234.241213
Southern Africa,-1.99755273,0.13079643,-3.696090699,13.31372834,0,0,0,0,-0.701820284,8.517147812,-4845.542972,-2405.90332
Southern Africa,-29.49052433,-30.41697692,-9.088592608,-25.62566375,0.001369596,0.000699043,-4.116424561,-4.116424561,-200.2687873,-235.1594925,-2953.624023,-1454.461914
Southern Africa,-74.52169045,-70.35969544,-66.70083612,-80.20060726,0.001294971,0.001106143,-15.55384064,-11.31348419,-868.5874787,-914.17659,-1048.41601,-2034.041987
Southern Africa,12.1254883,12.8132019,0,0,0.153556138,0.159751266,0,0,-12.48336697,39.47566032,-433.834839,-202.682129
Southern Africa,-48.42086696,13.21389095,6.00452906,22.69157412,0,0,7.670284272,4.159540169,-71.70525789,-62.05879307,-652.41504,-1048.2295
Southern Africa,17.10807345,33.01400784,0.972739696,6.461780552,0,0,0,0,-80.69958495,-108.1658668,-236.83667,-1108.950928
Southern Africa,20.43658065,56.0701666,6.487353868,7.880980596,0,0,1.35174084,1.63027668,24.79170131,23.91037273,-1661.76465,-300.37402
Southern Africa,7.68437097,21.37581348,0,0,0,0,0,0,2.8279419,46.05825805,-290.6865997,2620.742432
Central Africa,-45.53933138,-33.04425619,-11.1927795,-11.1927795,0.162902653,0.174438417,2.2422657,2.44787979,0,0,0,0
Southern Africa,42.16581684,69.04997787,4.830736282,12.18840886,0,0,4.650913239,0.080471039,9.038639066,-44.48171044,-4396.14746,-3131.45898
East Africa,6.40547572,10.13755805,0,0,0,0,-0.0680809,-0.11305618,0,0,-1.568848,-12.815186
Southern Africa,-0.292246814,-0.564517029,-6.189489007,-74.73223162,0,0,-0.25295448,-0.31215191,-3.19527244,-42.70942162,74.0421448,1133.540314
Southern Africa,5.89152819,11.77598286,0,0,0,0,0,0,-10.01179886,24.82220649,0,0
Southern Africa,0.21835535,10.53790688,12.73569274,14.69470954,0,0.144796372,0,0,-58.80532074,-70.88188362,358.2789306,800.3620607
Southern Africa,-2.47037306,10.98774912,3.937032701,21.79486273,0,0,0,0,2.33387947,-6.711370944,-812.0023805,471.00293
Southern Africa,-1.02153397,-7.4133892,-1.142553329,-63.46813941,0.334886252,0.334886252,0,0,-20.13090562,-50.97701645,34.7752686,316.2382203
Southern Africa,2.92190555,10.39090731,8.248619083,-37.49953222,0,0.005506516,0.4683075,0.53220367,-2.418506625,-32.65115642,30.566894,241.000122
Southern Africa,4.90121844,0.71100042,-5.842644689,9.538787842,0,0,0.24291897,-1.26977062,0.754735949,-5.646242145,-48.900513,438.646485
Southern Africa,12.35085369,18.10074402,-9.469978323,-19.28075721,0,0,5.91209888,0.582210541,-47.01826096,-136.5515852,-516.0198363,-1315.305069
Southern Africa,2.73343277,6.06123543,0,0,0.004990817,0.005152703,11.54848862,0,-5.586614605,-19.60608673,-268.877197,399.923706
Southern Africa,6.707406036,15.57491017,0,0,0.000161886,0.000161886,4.218387604,3.791965485,9.062626848,5.699624071,-330.250489,153.360839
Southern Africa,31.43693729,83.62171171,7.762508394,7.801107412,0.130211174,0.100089609,0,0,9.178735735,-34.58308792,-611.3554992,60.5675049
Southern Africa,20.95750712,49.79812621,25.69852113,27.91585207,0.335124315,0.339292527,0,0,-9.40323681,-2.618750032,3.323608,818.397217
Southern Africa,-4.47832391,-27.58572197,-22.52379036,-4.612761025,0.137991771,-0.015932739,-0.089992523,-0.132247925,-50.51573801,-149.2293611,-1528.316407,-1440.392823
Southern Africa,22.94973611,34.22373151,-18.13729862,-26.76951601,0,0,0,0,11.48102712,7.18933916,-140.438232,-461.820312
Southern Africa,12.8345412,-292.2957916,-0.573196414,0.573120113,0.035557448,0.035557448,15.85429955,4.976493831,12.34752655,22.23420715,-1323.651856,-372.697754
Southern Africa,3.9278297,36.14442249,24.62576913,25.33570814,0.37242046,0.37242046,0,0,-9.074626452,-21.29600859,-58.114502,847.599365
Southern Africa,-43.48456673,-39.98854637,-20.13218772,17.53561651,0.161141481,0.605143573,0,0,-132.3875313,-159.1423607,-1721.868653,-1708.739746
Southern Africa,-14.42315482,-1.10211371,2.423303604,2.702386849,0,0,0,0,-195.3990555,-180.5482178,-431.920899,-1285.663086
Southern Africa,19.3026428,15.9026184,0,0,0.146142006,0.146142006,0,0,3.46165847,29.41403961,0,0
Southern Africa,-6.040556857,1.105221773,5.597916718,-0.733810065,0.151790143,0.152241112,0,0,-192.0639038,-221.9560547,44.972229,-323.80336
Southern Africa,19.00616273,-338.9773159,-0.794054034,11.91233635,0,0,-2.378631592,-2.378631592,-60.65575604,-100.2449389,-5571.80176,-2759.41601
Southern Africa,-43.88750645,-30.9554119,0,0,0.003351331,0.003351331,-10.96269226,0.213531494,-636.4596176,-634.3221855,699.740357,705.212037
Southern Africa,-50.04301072,-63.14673611,-36.02615428,-16.23721862,0,0,0,0,-26.18851955,6.314159317,716.16455,1283.295898
Southern Africa,2.105835,-376.3442688,0,0,0,0,0,0,-125.3687906,-129.7622452,521.113282,3267.902344
Southern Africa,6.01948165,1.00191879,20.28086853,46.96237374,0.111083865,0.632620454,0,0,-4.667886729,-6.123738289,0,0
East Africa,-37.78040314,-33.73036959,-6.3832617,-3.441223139,0.00150907,0.00150907,-1.789154052,-2.464326862,-139.9308186,-144.7455673,239.242676,-220.687744
East Africa,7.89132305,7.94079203,0,0,-0.009502888,-0.026599408,0.5471096,0.57470512,13.49316406,16.39550781,3.736694,-282.773437
Southern Africa,-94.12358276,-146.2406444,-26.01538853,-15.90907291,0,0,1.469454766,5.406331066,-773.5231204,-990.9437232,-4340.567867,-6387.121089
Southern Africa,11.2011108,8.6583252,0,0,0.147530824,0.147530824,0,0,0,0,160.1193848,-301.8322448
Southern Africa,2.4197388,-375.9537201,0,0,0,0,0,0,0,0,-883.0910302,551.7126809
Southern Africa,-72.31139366,-21.95189277,-5.243034602,-9.421049356,0,0,0,0,-371.8513193,-434.6800547,-2250.054688,-4290.524902
Southern Africa,-97.71459964,-123.1553554,-27.32618569,-8.833202833,0,0,1.376152992,2.562230109,-763.9558029,-846.3932476,-3071.93847,-8806.796872
Southern Africa,-60.06059829,-54.05961322,-49.38705735,-28.60132365,0,0,-13.59119606,-10.10266399,-615.9332161,-810.932826,-881.611328,-2133.993652
Southern Africa,-56.76590542,-61.01765059,-44.67199707,-18.81986874,0,0,0,0,-538.2660451,-535.353467,-638.599605,-3304.614254
Southern Africa,-98.21786122,-98.18779944,-48.20553501,-28.82207163,0,0,-14.06270361,-3.22843504,-741.9430351,-784.513298,-3823.492187,-6380.626953
Southern Africa,-57.37316655,-22.98363637,-36.10174485,-26.24365419,0,0,1.467000485,3.389596462,-759.9644871,-814.1970463,882.383057,-232.314941
Southern Africa,-110.0988398,-101.8698015,-20.83730038,-6.686438644,0,0,-14.30565071,-0.445350647,-789.4200702,-984.2534103,-3597.336912,-7342.539549
Southern Africa,-136.1657363,-146.9118395,-37.72077479,-40.71663761,0,0,0.935269356,4.019588473,-804.3275261,-998.871191,-3484.274902,-6923.185059
Southern Africa,-146.2042884,-170.1029948,-32.41973876,-10.7397728,0,0,0.95637989,4.7709713,-710.5487323,-896.8505092,-1475.190918,-6371.828979
Southern Africa,-14.79467774,-27.99200826,0,0,0,0,0,0,-286.1583742,-320.3024476,691.891113,-1251.912842
Southern Africa,-111.2021876,-140.8368731,-36.61477668,-46.77449422,0,0,0,0,-759.3634395,-877.0592251,575.980469,-3140.637573
Southern Africa,-103.976344,-87.87199101,-29.14299774,-31.36382286,0,0,1.05427933,4.96740151,-763.9622498,-776.1359559,-984.043948,-5682.975588
Southern Africa,-135.6135493,-130.2208796,-50.221672,-52.7215461,0,0,1.161648754,5.838443754,-895.6787414,-970.6248779,-1654.154297,-6313.673584
Southern Africa,-94.57610793,-60.35906135,-34.93818278,-18.9987564,0,0,1.187662124,5.916308407,-838.6673279,-855.2377396,-3736.970703,-4794.468262
Southern Africa,-145.0495854,-146.5520211,-27.2507782,-20.68624878,0,0,1.3185873,5.12471962,-834.3066406,-1021.581787,-4391.531251,-6115.928223
Southern Africa,-95.72538182,-145.1189423,-34.72420119,-33.99258047,0,0,1.776097295,6.097367285,-736.3445043,-848.798088,-2791.043945,-6029.480468
Southern Africa,-27.38977768,-6.849833968,-13.11691858,-14.22128007,0,0,2.394222736,6.277456761,-161.7093353,-195.451004,-249.137207,232.614501
Southern Africa,-36.68944356,17.40914923,-0.532568578,8.327157021,0,0,0,0,-224.7302313,-263.6761985,-2683.504883,-3120.021973
Southern Africa,-19.4388409,-2.280872341,-11.48400802,-8.023085122,0,0,0,0,14.83670712,8.27291393,-2200.814819,-2246.919189
Southern Africa,-58.52502531,-17.0451574,-34.97522738,-38.29759024,0,0,-11.94683742,-5.129456514,-799.4126053,-863.6560707,-7155.53125,-8158.30371
Southern Africa,8.326811744,52.01943108,3.7894745,5.5306854,0.003449857,0.003449857,0,0,6.204945557,14.95888614,-4570.00879,-2911.92382
Southern Africa,-74.54631806,-38.31657505,-28.36623525,-16.60403014,0,0,-13.91727018,-4.71461248,-781.2304468,-797.2047381,-3873.41797,-5499.561527
Southern Africa,-0.33593942,0.17952727,0,0,0,-0.069267035,0,0,-0.73367691,-1.23142242,-16.8431396,-46.4059295
Southern Africa,-10.2814636,12.0510254,0,0,0,0,0,0,-17.82534361,12.54801369,-1189.217133,2047.220063
East Africa,2.5366363,11.1268844,0,0,-0.024744034,-0.118640184,0,0,2.109687803,12.48554992,-811.741822,-666.746094
Southern Africa,17.01052666,59.53731537,11.05503511,11.59420252,0.387703181,0.39276278,0,0,0.152109152,-10.64821814,149.5010986,545.1912231
Southern Africa,12.08726979,21.85697842,0,0,0.187567771,0.191302538,5.254592896,0,0.312452307,-6.212770468,0,0
Southern Africa,36.35306167,58.64392853,2.371744157,0.279071807,0.005257368,0.005350352,0,0,19.26093269,32.58895088,0,0
Southern Africa,-9.73602293,6.32419198,-1.457427976,-13.40871811,0,0,0,0,-14.83760071,-98.50479126,-1651.523435,-789.89062
Southern Africa,-350.9634265,-336.6345653,7.065858843,16.22642326,0,0,-0.038894653,-0.012630463,0.656276696,8.779313048,-1950.416997,427.01074
Southern Africa,-26.02312133,-11.25914813,-5.959732886,13.90445328,0.003905713,0.007630944,0,0,-118.9032192,-130.8311291,-618.633789,244.128907
Southern Africa,-3.610414972,1.552783478,-0.495104791,10.73560243,0.001107097,0.001961827,0,0,-12.60405636,-88.40835571,-3013.261721,-3921.826174
East Africa,-92.01465696,-82.34309864,-6.79681996,9.070088373,0.00129497,0.00129497,-13.80225181,1.659427645,-752.4804962,-734.402766,-253.788086,-885.028809
East Africa,11.34536175,11.34536175,0,0,0,0,0.37536621,0.81311607,0.16730499,11.0213089,-207.580811,-77.652344
Southern Africa,-34.79479026,-3.28904906,-7.093896869,-9.534233093,0,0,0,0,-121.6655397,-152.31639,150.933716,-460.2576902
Southern Africa,-48.801735,-68.1991883,0,0,0.071142196,0.522614121,0,0,0,0,0,0
Southern Africa,44.11269561,67.38300512,6.933822531,18.71032705,0.001200079,0.001200079,4.527687073,-0.007881165,-27.16487594,-43.02919478,-247.864869,-895.810059
Southern Africa,3.88348388,45.09950256,-68.44821169,-109.7844696,9.31E-05,9.31E-05,1.056060791,0,-0.320858006,-59.32822609,-291.4729,193.009033
Southern Africa,29.0462209,57.28713033,-15.35939029,-18.73847962,0.004870892,0.004963875,15.32501221,0.17837906,-18.98603439,-33.64970776,-250.6835329,1002.753784
East Africa,-45.51877212,-51.92911911,-7.7805939,-7.7805939,0.147436739,0.147436739,-8.641155243,-7.093671799,-127.8975754,-126.9212646,414.4303586,625.1406856
Southern Africa,6.51371565,11.35090446,12.51830673,10.89595413,0.000398278,-0.059539557,-0.02469825,-0.4024887,-8.655029297,-8.319824219,-238.780761,143.173096
Central Africa,-32.48565298,-34.88491448,-16.70321656,-16.70321656,0.147436976,0.147436976,1.86264801,1.89430618,-126.0690913,-122.690063,-150.5571976,-239.4088612
Southern Africa,-45.86184929,4.621306952,-21.10123065,-18.28719136,0.146141708,0.146141708,0,0,-117.7181892,-141.4282322,-691.197754,-782.511718
Southern Africa,-45.86184929,4.621306952,-21.10123065,-18.28719136,0.146141708,0.146141708,0,0,-117.7181892,-141.4282322,-691.197754,-782.511718
Southern Africa,-75.54186024,-41.57466317,-17.02959103,-19.37716628,0.146144033,0.146144033,2.176230427,2.330876347,-143.9732652,-159.7221856,-2720.08008,-4250.082033
Southern Africa,-29.15552511,-6.925621043,7.563268629,9.506605111,0.144397736,0.058790684,1.98970127,2.05363941,-165.7952824,-264.2562579,-682.894531,-2776.055175
Southern Africa,-41.58068715,4.43118482,12.07004261,14.51449776,0.002921223,0.007980942,0,0,-91.8438921,-87.31967639,557.1277461,-519.3662109
East Africa,4.77483368,27.01560969,10.49480057,14.28256607,0,0,0,0,13.4183178,4.899805066,-462.9869079,-106.9906616
East Africa,22.62328343,56.7002525,3.962561824,5.12550111,0,0,15.3404808,14.92993164,14.96799278,21.89885426,-314.1722414,330.571533
Central Africa,-38.57087898,-37.72646523,-10.6794433,-10.6794433,0.146142304,0.146142304,1.60784913,1.65569306,-693.0224457,-692.3490753,0,0
East Africa,-37.56443215,-39.91667558,-12.0984345,-11.6138153,0,0,2.41994857,3.89417457,-577.4854927,-581.3382759,0,0
East Africa,-37.68844296,10.28094601,-8.5879669,-8.5879669,0.001294971,0.001644969,2.25645828,2.56879615,-160.8384094,-107.9920654,1992.315399,1179.443329
East Africa,-11.1705095,-3.356755422,-1.1847687,0,0.000197649,0.000197649,-0.543487546,3.918659212,1.696183205,4.227066994,0,0
East Africa,-9.641031248,1.740158102,-2.3705444,0,0.001107097,0.001107097,1.14402008,1.81623077,32.90400982,92.85196781,0,0
East Africa,-34.94497533,-14.16447496,5.114387034,13.00304794,0.00129497,0.001644969,2.57572937,2.36026191,-10.85156441,59.46011591,0,0
East Africa,-38.48271784,-17.68730003,-6.1244049,-4.7350922,0.00129497,0.00129497,2.05476379,2.20336723,-137.576879,-145.7397819,0,0
East Africa,7.835917018,14.41844896,0,2.0980377,-0.000100017,0.001431882,0.48948479,0.57075119,-3.400161743,-4.264846802,350.8826294,221.1309815
East Africa,-38.96600767,-36.66457224,-10.6794738,-10.6794738,0.00151217,0.001829028,2.03253556,1.34014893,-452.0163269,-451.9527283,0,0
East Africa,-10.66149927,-5.072067498,0,0,0.147653699,0.256881834,1.15550613,0.60364532,-4.612904787,-9.006428957,0,0
Central Africa,-39.95039747,-24.53265955,-11.1927948,-11.1927948,0.146142006,0.277862906,1.84717942,2.13365555,-322.9346313,-321.2766724,0,0
Central Africa,-41.59625284,-40.30587054,-48.48504595,23.11329694,0,0,0,0,-841.981081,-839.8417683,-583.4271316,-529.3224258
Central Africa,-52.5955858,-43.02674576,-11.1927796,-11.1927796,0.14732492,0.14830941,1.80781746,2.00523186,-827.7088928,-812.9471397,-1964.200928,-1491.875
Central Africa,-49.71991069,-44.71595861,-11.1927795,-11.1927795,0.147436739,0.147536755,1.92584991,1.9960823,-832.0488739,-827.7802277,-605.8403168,-673.9617212
Central Africa,-50.68538479,-44.72566506,-10.6794739,-10.6794739,0,0,1.59086799,1.71128273,-813.6659393,-820.1334991,-375.3552704,-247.263443
Southern Africa,3.27475353,-1.88552092,43.59912116,-22.45811459,0.001107097,0.001107097,3.103000637,2.858879085,42.06081777,31.59770584,-711.571289,-592.765136
East Africa,-91.73187922,-88.1446905,-3.627221548,89.89187197,0,0,-14.69270134,0.936029432,-675.4700584,-647.69347,1959.839417,1377.065003
Central Africa,-14.65526573,-15.76805873,-12.59384155,-12.59384155,0.00129497,0.00129497,0.90528869,0.90528869,-4.527743333,-2.013827317,0,0
Southern Africa,0.2615357,-4.3864517,3.364578246,3.22180176,0,0,0,0,0,0.820792203,0,0
Southern Africa,0,0.25286484,6.10190391,16.37141228,0,0,0,0,-0.93654442,-2.2834673,0,0
Central Africa,-38.35038573,-24.29801178,-40.94358825,-40.94358825,0.147437096,0.147437096,1.60368347,1.62576675,-132.9416084,-132.9416084,437.3163147,-285.1011582
Southern Africa,-0.6547699,5.313736,2.089722157,-48.04279232,0.014999941,0.40048568,0,0,0.167305946,0.033898354,-636.325195,1931.294434
Southern Africa,-1.5839386,1.07412719,-15.67902565,-16.45366622,0.146141887,0.146141887,0,0,-79.5815773,-79.5815773,562.7382204,-250.187439
Southern Africa,12.02598571,53.87176514,4.4982299,5.2524414,0.016844154,0.016844154,0,0,0.45352173,0.16113281,-1624.97266,559.80371
Southern Africa,20.2606926,36.73937607,-0.812846976,-2.744985406,0.006551385,0.006976604,11.54853058,0,0,0,-629.22559,726.42383
East Africa,-92.1571894,-91.66011723,5.095843224,-0.269627778,0.001220345,0.001220345,-13.41637802,1.50963784,56.89679527,65.65514565,1307.293945,194.303955
Southern Africa,17.72385788,62.40650559,4.49823,6.2394562,0,0,14.56447792,10.40542793,12.53169632,11.40588189,-302.244141,-676.389649
Southern Africa,-45.97938921,-43.33112337,-14.61394548,-0.424779895,0,0,-11.67707062,-5.826547625,-360.9999087,-369.1945689,-2118.74707,-3373.95166
Southern Africa,-11.78772164,33.70181083,-9.719694619,-4.840450819,0,0,13.88132811,4.011050701,-3.939109326,-4.818270201,-145.368164,-681.719238
Southern Africa,21.43974733,26.74594067,2.988845816,56.72515869,0,0,0,0.026268005,-11.77839756,-28.05881119,-1688.748047,-1707.539063
Southern Africa,4.723000462,-34.82946875,-6.441082951,30.58130742,0.135848015,0.246097952,0,0,10.57248688,15.66405964,-333.0900877,2251.852905
Southern Africa,22.09078697,36.04829792,3.940849304,16.25868988,0,0,0,0,7.84994125,56.88462639,758.203857,2607.950195
Southern Africa,10.87243659,2.96244054,2.459650078,6.642351192,0,0,0,0,-64.67752314,-227.7384515,-2107.176758,-1014.099121
Southern Africa,32.03452306,62.46095276,6.721559522,-1.89266017,0.009489536,0.009489536,0,0,0,0,-129.5484161,51.67037203
Southern Africa,20.97533416,22.48339271,-11.21998845,-11.34458593,0,0,4.162670612,-0.727319241,-1.893139362,10.39464188,-700.726562,-1506.338867
Southern Africa,-33.5752151,-34.19073844,-35.42278004,-4.396506308,0.146141514,0.234729566,0,0,4.56378937,4.74832154,-234.335144,-376.0682068
Southern Africa,-2.5910721,7.2236481,-18.14466453,-3.226762059,0.001107097,0.00273335,0,0,-10.97720337,-69.39190674,110.1000365,1867.68451
Southern Africa,1.905093677,5.895915507,5.676190854,6.811414242,0,0,0,0,-1.370178223,-0.657592773,50.5377804,516.6864014
Southern Africa,4.630558256,1.203526736,6.206566334,28.81454706,0,0.19545889,0,0,8.987023653,-18.18378115,573.9616089,2342.828736
Southern Africa,-30.2431182,4.0265961,-3.2823487,-2.5281372,0,0,0.792031292,1.265383719,-0.75329018,25.52201843,-88.884521,329.351563
Southern Africa,-39.65071015,-35.4363833,-31.25052739,-36.77144195,0,0,0.316300869,-4.184905528,-171.9125185,-229.2048798,-1734.3164,-4723.34375
East Africa,-88.95869206,-90.22375631,15.13412365,6.661797617,0.001697898,0.001697898,1.15864182,0.42561532,0,0,30.5164185,-19.2744141
Southern Africa,-24.54026982,-17.76427075,-11.8503146,-12.45982167,0,0,1.13822937,-4.116384506,-62.23980713,-75.17980957,-349.316406,316.283692
Southern Africa,-44.41011333,-35.84894943,-7.066104889,12.62992763,0,0,3.47559833,3.59115123,0,0,-698.434448,-845.8407593
Southern Africa,10.67236614,-9.421204577,10.79792213,26.96124172,0,0,0,0,-2.337453127,-12.639786,-2326.680664,562.456054
Southern Africa,-39.61888766,-34.65565943,-24.32900069,-18.59658549,0,0,-12.66529465,-12.01911163,-171.5640726,-183.8691683,-1146.814453,-2429.965332
East Africa,-132.5273838,-116.408231,-12.377533,-11.975235,0.00129497,0.00129497,-2.47006225,-3.23462677,-800.1463912,-814.3388808,-319.079468,-1487.391815
East Africa,-115.2897945,-100.6051579,-11.1927948,-10.7904968,0.00129497,0.00129497,-3.94610405,-4.47547531,-734.8202362,-746.5656738,396.2406006,-898.6259766
Southern Africa,-94.50191502,-94.29436497,-19.77227406,-17.79663472,0,0,-4.68777084,-4.32317734,-351.6752319,-353.5352173,152.1740723,-1466.297058
East Africa,-59.29935842,-8.8583832,-5.62414098,0.017978433,0,0,0,0,0,0,0,0
Southern Africa,-46.7588806,-46.908371,-9.012023908,-9.086166308,-0.215828419,-0.156221867,0,0,-136.2065583,-160.7396584,414.364746,-250.753418
Southern Africa,3.4260101,-8.9885177,-8.4748981,3.08103013,0,0,0,0,0.092748642,-14.25370598,-1021.217346,414.690064
Southern Africa,-56.58708189,-78.27782061,-40.0451813,-70.71332933,0.306468904,0.310336888,0,0,0,0,0,0
Southern Africa,-9.13864621,0.73701469,-26.62388596,27.63733593,0.00129497,0.00129497,-15.8718357,-1.263185499,-364.317688,-364.317688,0,0
Southern Africa,-28.05041026,-31.21983432,0,-1.3893433,0,0,0,0,-28.24591231,-16.45574475,-888.327153,-1221.340825
Southern Africa,-20.7629242,-23.4376983,-2.044963796,11.52176289,0,0,-1.202987671,-1.279411316,-10.38140869,-2.606719971,990.099488,-534.343994
Southern Africa,-8.861198156,-5.066810336,2.008910178,14.20461177,0,0,1.17842483,1.2234993,-9.796597952,-33.57067108,-705.817383,-176.161133
Southern Africa,-70.54678156,-80.53698544,-11.39436342,-19.14374382,0.00129497,0.001369595,0,0,-756.9025548,-814.5038993,-659.655273,-2394.210083
Southern Africa,2.46509368,3.8947811,5.384794232,23.54365921,0.00129497,0.00129497,-1.389616016,-1.201198576,-11.87755728,-84.44664908,113.765625,-1345.011231
Southern Africa,-39.92897223,-34.77698706,0.781925692,13.76212408,0.00129497,0.001106143,-12.66526794,-9.327041626,-540.3510542,-597.4637746,-517.303223,-622.815674
Southern Africa,-36.19058228,-32.05492401,45.11954505,48.42138678,0.00129497,0.00129497,-5.475692749,-5.475692749,-137.6143422,-347.9929356,432.614258,-446.791992
East Africa,-99.2973424,-43.83085441,-11.1927796,-11.1927796,0.146140456,-0.019578457,-15.2357769,0.634719846,-255.4610672,-222.7836495,696.180786,1170.363891
Southern Africa,-4.57507515,4.54167938,-17.48685372,-9.154464482,0,0,1.03156471,0.86991405,2.78353214,-33.23525333,0,0
Southern Africa,-0.07204628,8.855182645,19.49065876,42.35780954,0.005506515,0.460626602,0,0,-5.296661135,-8.296619411,0,0
Southern Africa,1.77882958,13.18779468,16.57067919,26.30124045,-0.015052557,0.422121763,0.048294067,0.048294067,-6.52068901,-79.12983132,-220.6094665,-13.48677063
Southern Africa,17.65685076,74.75357625,10.51956177,11.39297295,0.011316895,0.003215432,10.08587265,5.964828491,-26.25545502,-31.58660697,-131.9668579,476.1072388
Southern Africa,40.54151015,87.52570386,10.29947093,11.17405677,0.0050596,0.005152703,15.3404808,0,-5.321401604,-9.370571145,-105.9931488,701.3791201
Southern Africa,18.18601798,60.26140975,19.66661357,15.79520249,0.003596246,0.003596246,0,0,3.61536694,23.69405271,0,0
Southern Africa,0.52496338,-0.01786422,0.408171177,-28.38850903,0,0,0,0,0,-7.25525284,101.463379,102.667481
East Africa,-95.0638657,-55.9638595,-11.1927795,-11.1927795,0.146141887,0.06094408,-2.21398163,-1.92344665,-536.2994919,-481.624733,0,0
Southern Africa,8.00012637,11.39433433,-18.23826123,-28.38851929,0,0.015000105,0,0,-0.274223809,-1.164868838,-34.4761963,160.888977
Southern Africa,-0.70529747,5.67852783,16.62861729,40.20973301,0.005506992,0.460627079,0,0,1.435606005,-0.623685837,0,0
Southern Africa,12.43369055,17.26904821,-15.32351905,-7.457024097,0,0,0,0,-14.19216347,-47.9273243,0,0
Southern Africa,8.881218194,55.08128285,-8.870023727,2.286571502,0,0,0,0,-12.85555268,-21.91461945,-246.815307,364.963257
Southern Africa,4.841915485,25.46603286,0.939431192,2.63612652,0,0,0,0,0.942977914,-3.133571617,243.8772888,178.5143127
Southern Africa,18.56230163,30.23952579,6.020759582,-7.880821234,0.002294004,0.006443858,0,0,-13.09943015,-48.77029664,115.6379853,-512.5482635
Southern Africa,6.693027499,8.520927429,1.568702739,0.970062293,0.001294971,0.001294971,0,0,-22.79117548,-32.16693461,-671.5099792,-701.3264465
Southern Africa,-6.0341835,-4.1058197,-2.137649536,3.365242004,0,0,0,0,0,0,0,0
Southern Africa,1.96844864,3.64036942,43.32572937,24.16639328,0,0,0,0,26.40284908,25.73066509,-48.45224,-61.5628662
East Africa,-96.12710283,-85.13458913,-11.1927795,-11.1927795,0.152145385,0.221220493,-16.81551743,1.69229126,-272.2403326,-256.058013,403.798584,-124.275879
0,0,0,0,0,0,0,0,0,0,0,0,0
East Africa,-62.3241883,-70.5144348,7.296073917,7.702623847,0.001294971,0.001201868,1.22699166,0.68059731,0,0,0,0
Southern Africa,4.53501129,2.16420364,5.744541162,20.41563415,0.160806418,0.587431491,0,0,-10.96887207,-26.60992432,0,0
Southern Africa,27.84123946,41.09077979,-1.058317205,-7.052624561,0.002414346,-0.172291278,0,0,2.231071952,-99.08170033,-46.803955,1047.695068
Southern Africa,-21.4100616,-12.50952793,-18.15249395,-15.78216934,0.139711857,-0.007783174,7.396278381,-4.047634125,-150.8199835,-166.3278475,-623.639404,407.239013
Southern Africa,17.01404953,54.33922387,-8.563892358,-0.479192701,0,0,0,0,6.913364414,23.88444757,-2295.29882,-2106.94531
East Africa,-13.29425995,-0.749771111,3.451676894,0.797733208,0.14743501,0.14743501,-1.546298981,1.894504545,-81.52409553,-62.85791015,134.7663574,211.9033817
Southern Africa,-60.194397,-44.85512927,-24.76612425,29.30822897,0,0,-4.57313919,-1.86454201,-365.4070435,-365.4070435,564.962402,-2419.648682
Southern Africa,-74.99146655,-72.23632434,-28.97096256,20.15710445,0,0,0.15171051,2.68150711,-324.4679744,-283.5118129,2265.222656,-2045.783478
Southern Africa,-46.94656371,-43.76969527,-4.081521033,25.84475327,0.234730243,0.605143547,0,0,-13.97633648,-1.133701325,0,0
Southern Africa,-27.94708046,0.576851027,-2.167688371,4.168655637,0.608061925,0.613121524,0,0,0,0,-126.9512634,-330.7689361
Southern Africa,4.28557964,13.31077579,4.243083955,14.83246994,0,0,0,0,5.47930908,-55.05568695,0,0
Southern Africa,19.46592212,73.82616974,-0.204954145,8.314722058,0,0,0,0,2.843948367,-85.77405545,-3191.20019,-509.01855
East Africa,2.2840118,55.803009,2.945463057,-17.25665569,0.000197649,0.000547528,0,0,0,0,562.1422728,1288.977967
Southern Africa,-60.04225726,-30.59053419,-41.34283916,-48.17583655,0,0,-10.99672699,-9.879417419,-14.70687962,-9.64470959,-3281.875488,-5279.796142
East Africa,-36.0411702,-26.1809025,10.72792137,8.095616694,0.001294971,0.001044393,0,0,0,0,0,0
East Africa,41.68897249,58.94651981,4.489685,5.0461273,0,0,1.327560425,1.327560425,5.158418656,15.26065636,-720.8329466,53.320862
East Africa,-90.30165296,-43.65800667,12.13780217,-0.229509314,0.304303049,0.298457383,1.19665527,1.2119503,-279.9167652,-232.8240223,0,0
Southern Africa,-90.81491851,-86.38215255,-54.702179,-50.7764435,0.00129497,0.00129497,-21.70134353,-6.03026199,-705.0225153,-704.9982539,0,0
Southern Africa,-48.1222229,-54.1117859,7.681411758,49.19044493,0.001294971,0.001294971,-20.49098588,-0.8659668,-753.0778198,-809.4854126,0,0
Southern Africa,8.48050118,46.7702961,-0.14453981,7.002841902,0,0,15.58956909,5.412330627,14.68374253,14.28108979,-1499.758789,-1443.168457
East Africa,-99.1999359,-94.7564392,-11.1927643,-10.2057495,0.146143913,0.146143913,-1.08086776,-0.99013137,-238.6088982,-177.5383568,365.5947876,1053.908692
Southern Africa,16.80775488,24.08546863,-7.521908751,-6.688674879,0,0,14.70508194,10.7617569,7.68779754,7.29240608,-570.8956911,-780.4469301
East Africa,-95.5897065,-94.8193665,-11.1927795,-11.1927795,0,0,0,0,0,0,474.271973,412.012695
Southern Africa,23.09456063,23.98970222,6.582603456,51.28726578,0.000197649,0.000197649,0,0,1.47759628,2.34757232,-884.906372,-468.229736
Southern Africa,-71.61223599,-69.08700177,-11.1927643,-11.1927643,0,0,-14.45901107,5.44864273,-845.579895,-845.579895,-4400.968262,-4273.950684
Southern Africa,-39.90937045,-39.90937045,18.51020997,17.0018472,0,0,0,0,0,0,-367.541626,-772.629761
Southern Africa,-14.30275727,1.66103363,0.9913635,5.9656219,0,0,12.06486034,1.172731402,-130.2604065,-129.8279724,297.295166,363.596436
Southern Africa,-38.17534447,2.31869888,-13.02981714,-6.876843901,0,0,4.086814876,5.888335226,-105.8364563,-104.0282898,-410.406738,-1045.242187
Southern Africa,53.48524094,44.10780716,5.5307159,4.441513,0,0,0,0,0,0,-1499.029785,-1599.586425
Southern Africa,5.146127704,28.88696862,13.1916399,32.25496435,0.088587761,0.459000349,0,0,-5.77932739,-0.20890045,-471.8274689,-98.02944566
Southern Africa,32.82933189,51.94861365,13.80042219,9.658528807,0.030362786,0.034097672,5.254592896,0,7.857866285,9.506340026,-465.5564578,25.778686
Southern Africa,-17.08041859,16.73392775,3.1458893,4.8871155,0,0,0.833944316,-3.226065637,-127.325861,-125.6238995,-320.096191,93.675293
Southern Africa,8.033788687,8.996505737,-13.73912049,-13.97942352,0,-0.0002172,0,0,13.84491539,10.17656136,0,0
Southern Africa,-27.01351166,-9.23377228,-34.36333994,-31.65281159,0,0,-1.17102337,-7.916501049,-317.4335938,-328.1741333,-1895.775971,-1874.953171
East Africa,-34.75514361,11.5685105,-65.98087119,-118.6930199,0.001294971,0.001644969,-6.06136512,-5.964221946,-77.49925614,151.2102241,656.646484,638.651123
Southern Africa,3.79247379,13.12257099,-0.6868897,0.9736633,0,0,0,0,13.81072998,13.16861343,261.050781,-154.130372
Southern Africa,27.05016614,35.24269674,21.14128995,18.27296233,0.375464499,0.379199267,0,0,-11.25938559,-4.898761749,9.66591263,797.4230651
Southern Africa,38.06850243,58.68321798,22.93653678,15.26361942,0.258376717,0.260433077,0,0,0,0,0,0
Southern Africa,9.641051292,44.85514164,22.5348785,27.36340022,0.453810096,0.46017921,0,0,-2.70488739,-21.42288208,182.8388673,707.2430423
Southern Africa,10.80617142,31.33477021,-10.89675093,-5.855012893,0.001294971,0.001077771,-5.522010803,-9.960212708,-159.5014915,-169.4592217,-4584.49902,-5616.11719
Southern Africa,-19.48252487,-2.3092041,-36.12709422,-44.45143129,0,0,0,0,-20.59109497,-22.255867,0,0
Southern Africa,-100.0359555,-101.2750893,-20.04111481,-19.59770208,0.272628785,0.605142117,0,0,-659.4322205,-652.6036572,-1055.724121,-1707.979614
East Africa,-102.9231071,-92.48787307,-11.7492065,-10.3598938,0.001294971,0.001294971,-4.46597671,-4.73702049,-618.8717413,-583.5916014,-372.597167,-722.247558
Central Africa,0,0,1.176170349,1.176170349,0,0,0.26489639,0.26489639,0,0,0,0
Southern Africa,-30.3043356,-22.2522688,-0.6436005,-0.6436005,0.001294971,0.003905714,-5.335678101,-5.335678101,-108.6715565,-120.0276728,480.087647,606.328369
Southern Africa,24.90341377,62.78610038,3.5345612,8.0242004,0,0,15.34047699,0,19.05238629,23.18601513,-1249.52832,230.875
Southern Africa,-2.235223762,26.54455948,-6.293079454,14.91650962,0.146142483,0.146142483,8.411417004,4.727649687,-12.06650924,-52.05821991,0,0
Southern Africa,46.01787972,52.29980874,8.562978794,12.12274173,-0.165801048,-0.170948505,2.283573151,0.148731232,-27.47319197,-96.23430967,-893.004303,-1099.093353
Southern Africa,12.71509552,29.36303472,11.70373916,10.01740464,0,0,0,0,-11.86296845,-3.666534419,0,0
East Africa,-75.15934322,-26.54928732,22.79155064,-6.528399607,0.294931173,0.295711637,-11.58072567,-0.955973629,-664.616044,-600.7581711,0,0
East Africa,-96.1782379,-87.7184602,-11.1927796,-11.1927796,0,0,-13.92677688,1.447263717,-659.1360665,-649.21764,579.010254,154.585693
Southern Africa,7.715951444,13.93373918,20.41356235,56.42317346,0,0,0,0,-15.88858032,-65.40188599,0,0
Southern Africa,-16.94347954,16.30705069,-13.27309896,7.587972687,0.001388073,0.001388073,-3.535903931,-4.033760071,-169.1709862,-259.1780662,-571.956665,-797.64563
Southern Africa,21.68884284,48.94231422,15.76055531,16.39138035,0,0,3.482448578,3.319202423,1.118301379,-41.93959047,-802.055176,-535.290039
Southern Africa,7.391170488,1.827043498,-0.6868896,-0.6868896,0,0,0,0,-37.96458054,-51.63319016,1096.305725,380.0449828
Southern Africa,-8.72289474,-19.49765208,-16.31239652,-24.2575441,0,0,-3.24269104,-3.180519104,-25.39804793,-85.87258125,799.894531,-953.102173
Southern Africa,-15.80255602,16.5210848,-9.138654947,1.49763823,0.00129497,0.007380366,-3.483791351,-3.483791351,-38.20013047,-55.7857952,-2834.891114,-2211.452149
East Africa,-89.48696183,-55.97265861,27.95721317,29.61543871,0.21670556,0.059919834,-10.84609986,4.195949555,-507.3267698,-501.6646089,-1763.60791,-2417.460449
Southern Africa,-0.48394776,3.21380615,4.649467587,16.01556456,0.088587642,0.458999991,0,0,1.78391743,1.8848753,0,0
East Africa,-0.39460755,1.57492065,0,0,0,0,0,0,0,0,0,0
East Africa,-74.53857193,-15.53807035,-12.11823674,29.43354992,0,0,-13.45584869,-4.139786718,-292.9462891,-265.9349365,0,0
East Africa,-72.12414548,-68.13481892,-7.037928567,7.984418884,0,0,-12.86799622,-8.527725226,-266.4982529,-244.4874611,1129.599487,748.2856449
East Africa,-61.57749564,-56.91964631,-23.82130051,33.52630711,0.00129497,0.00129497,1.58023453,1.78395462,-783.9697409,-758.9642463,-359.231201,-436.599609
East Africa,-91.12437248,-73.08709524,-4.469709449,-40.45794111,0.00129497,0.001644849,-13.85128593,1.792118071,-574.5351543,-542.143795,1762.115112,216.199829
East Africa,-33.67744014,-20.25913993,-13.10901594,-8.571029661,0,0,1.64804744,1.10649967,0,0,1368.141113,-417.916993
East Africa,-100.4685269,-90.23277671,-11.1927795,-11.1927795,0.001483798,0.001483798,-13.04212952,2.33682632,-677.3675957,-502.6290932,51.155273,-541.977539
East Africa,-99.35924923,-48.1985455,-11.1927796,-11.1927796,0.001483798,0.001833677,-13.52110863,1.769350053,-615.1953392,-522.046257,-61.524414,-400.299072
Southern Africa,14.41744328,27.45806693,9.234944344,4.385726452,0,0,0,0,5.421522138,24.783144,65.40255742,-672.0795898
Southern Africa,17.43393994,45.86050606,12.17021942,11.86681752,0,0,0,0,-6.72555542,-38.65170956,526.5365604,1225.905212
Southern Africa,14.84640503,42.9318695,-8.377672195,0.615004539,0.147598505,0.147598505,0,0,-7.418334961,0.953735352,527.8381043,-334.1233063
Southern Africa,-62.11518669,-54.70359611,-28.32600002,-43.00039814,0,0,-9.571640015,-9.422828674,-389.2327943,-448.1926775,-1302.089355,-3969.571289
East Africa,12.0708971,15.03966808,0,0,0,0,2.38509178,2.35400772,-326.7732506,-327.596283,0,0
East Africa,8.472699162,9.836261752,0,0,0.001201987,0.001294971,0,0,-6.415010453,-6.502857686,0,0
East Africa,9.959011078,10.04336739,0,0,0,0,0.40527153,0.52408409,116.8815918,134.6654663,0,0
Central Africa,11.60973454,15.23409939,0,0,0.146141767,0.146141767,1.50518035,1.79714679,-325.7714844,-324.6184082,-752.4862251,-36.4521484
Southern Africa,8.758576156,8.938003296,0,0,0,0,-0.13224411,-0.058647156,-19.33435488,-18.3568759,-3408.75,-501.36231
Southern Africa,8.223527189,8.299267049,0,0,0,0.126486212,0,0,7.600063801,2.670827866,0,0
Southern Africa,8.317282436,8.691732166,0,0,0.297989324,0.605141863,0,0,0,0,0,0
Southern Africa,7.10454559,31.46597861,0,0,0,0,0,0,0,0,-537.5762939,-20.0454711
Southern Africa,2.723245503,5.185857653,0,0,0,0,0,0,4.37419986,4.07688808,-522.850586,-860.40039
East Africa,8.20630265,12.09129334,0,0,0.147436977,0.207577586,1.8774147,2.29543114,-138.972229,-137.8284378,255.266479,-373.2360233
Southern Africa,7.45460892,6.848917,0,0,0,0,0,0,-106.2356472,-108.9958749,-924.928222,-106.202636
Southern Africa,7.656985285,6.789750095,0,0,0,0,0,0,-5.986114502,-0.618591309,0,0
East Africa,12.88231087,13.01358796,0,0,0,0,0,0,0,0,0,0
East Africa,-26.84294319,-26.84294319,0,0,-0.007102608,-0.007102608,11.96435928,11.96435928,-622.4123116,-622.4123116,-923.959961,-3397.932373
Southern Africa,11.56092358,13.46734429,0,0,0.013740838,0.017337084,5.254619598,0,-2.043216701,-3.719552987,-239.5820618,491.2465817
Southern Africa,2.79341125,5.78367901,0,0,0.379148007,0.36414671,0,0,-0.521501537,-143.7090206,199.2838287,718.0769501
Southern Africa,8.408769373,8.311151263,0,0,0.458999991,0.458999991,0,0,0.49896241,0.51499939,-115.590332,1856.995606
Southern Africa,6.6352272,6.74629975,0,0,0,0,0,0,0,0,-1564.448487,1786.924316
East Africa,-36.42339136,-31.84523964,0,0,0.147435427,0.051142335,-13.65799522,1.583507537,-524.9466782,-502.0686989,1313.651489,1102.449341
Southern Africa,0.39036751,2.86189461,0,0,0.09825325,0.404786825,0,0,-0.875638481,-91.67680776,-104.5551491,265.992691
Southern Africa,0.26673889,2.81685257,0,0,0.159965108,0.542705686,0,0,0,0,-1109.158813,1534.395264
Southern Africa,-51.32585906,-48.65828704,0,0,0,0,0,0,0,0,281.9541013,-1524.825623
Southern Africa,-1.81776047,-1.98981476,0,0,0,0,0,0,-73.5118103,-163.6012878,-1706.605011,1068.987427
Southern Africa,-11.39189148,-10.79464722,0,0,0,0,0,0,-187.3698006,-188.745472,312.979492,1383.878174
Southern Africa,0.34547711,0.57304669,0,0,0.072313134,0.078508344,0,0,-0.847341537,-12.16966247,-789.4835129,998.9039307
Southern Africa,-0.1300888,0.11270333,0,0,0,0,0,0,8.76491213,8.41225672,0,0
East Africa,-11.3701019,-11.1016998,0,0,0,0,1.45521736,1.28808403,14.75656319,17.43937493,0,0
Southern Africa,-58.46107864,-59.2585144,0,0,0,0,-14.50443173,-0.79493809,-772.1064453,-794.1912842,0,0
Central Africa,0,0,0,0,0.146141172,0.146141172,0,0,0,0,0,0
Southern Africa,0,0,0,0,0.146141946,0.146141946,0,0,0,0,-2120.30761,-2761.818355
Southern Africa,0,0,0,0,0.146141588,0.299116432,0,0,-454.2845154,-490.3043823,0,0
Southern Africa,0,0,0,0,0.161141992,0.605142117,0,0,-16.60396165,-23.20818109,-727.840622,-657.575821
Southern Africa,0,0,0,0,0.157597661,0.157690763,0,0,0,0,0,0
Southern Africa,0,0,0,0,0.452166212,0.452166212,0,0,0,0,0,0
Southern Africa,0,0,0,0,0.147436737,0.147436737,0,0,0,0,0,0
Southern Africa,0,0,0,0,0.551922679,0.529081822,0,0,0,0,9.3750153,196.0287933
Southern Africa,0,0,0,0,0.161141466,0.605141103,0,0,0,0,0,0
Southern Africa,0,0,0,0,0.272628188,0.605140149,0,0,10.76599979,2.267102915,0,0
Southern Africa,0,0,0,0,0,0,0,0,0,0,-616.59082,-329.846679
Southern Africa,0,0,0,0,0.146140993,0.146140993,0,0,0,0,177.146973,-840.477295
Southern Africa,0,0,0,0,0.516553522,0.432125092,0,0,0,0,0,0
Southern Africa,0,0,0,0,0.126486779,0.459001303,0,0,0,0,0,0
Southern Africa,0,0,0,0,0.050452707,-0.065247087,0,0,0,0,0,0
Southern Africa,0,0,0,0,0,-0.000349998,0,0,4.97772216,-22.08642007,0,0
Southern Africa,0,0,0,0,0.113566422,-0.039076234,0,0,-16.33070612,14.16810465,0,0
East Africa,0,0,0,0,0,0,2.0414257,2.43802261,0,0,0,0
Southern Africa,0,0,0,0,0,0,0,0,-38.41363525,-41.91662598,-205.9898071,1063.756226
Southern Africa,0,0,0,0,0,0,0,0,-3.722503662,-16.31048584,-2710.17395,-270.971191
East Africa,0,0,0,0,0,0,0,0,0,0,-3.083496,-3.083496
East Africa,0,0,0,0,0,0,0,0,-604.7324829,-608.1173706,0,0
Southern Africa,0,0,0,0,0,0,0,0,26.22892379,67.71423149,0,0
Southern Africa,0,0,0,0,0,0,0,0,-0.049315453,-0.150821209,-3739.33496,-834.92871
Southern Africa,0,0,0,0,0,0,0,0,0,0,-66.3885498,1188.359497
East Africa,0,0,0,0,0,0,0,0,0,0,-3310.156251,-2233.431153
East Africa,0,0,0,0,0,0,0,0,0,0,450.804931,-937.906128
Southern Africa,0,0,0,0,0,0,0,0,0,0,2538.740601,-1718.327758
Southern Africa,0,0,0,0,0,0,0,0,0,0,832.4690553,1847.86383
Southern Africa,0,0,0,0,0,0,0,0,0,0,663.6068117,-370.8936462
Southern Africa,0,0,0,0,0,0,0,0,0,0,-1846.728516,-2637.244629
